Date,Location,Temp_C
1743-11-01,Chicago,5.436
1744-04-01,Chicago,8.766
1744-05-01,Chicago,11.605
1744-06-01,Chicago,17.965
1744-07-01,Chicago,21.68
1744-09-01,Chicago,17.03
1744-10-01,Chicago,10.662
1744-11-01,Chicago,5.776
1744-12-01,Chicago,0.371
1745-01-01,Chicago,-0.901
1745-02-01,Chicago,-0.422
1745-03-01,Chicago,1.865
1745-04-01,Chicago,6.654
1750-01-01,Chicago,-0.966
1750-02-01,Chicago,0.095
1750-03-01,Chicago,3.723
1750-04-01,Chicago,7.189
1750-05-01,Chicago,12.124
1750-06-01,Chicago,16.898
1750-07-01,Chicago,23.713
1750-08-01,Chicago,23.249
1750-09-01,Chicago,18.392
1750-10-01,Chicago,10.27
1750-12-01,Chicago,0.6579999999999999
1751-01-01,Chicago,-1.009
1751-02-01,Chicago,-0.95
1751-03-01,Chicago,4.189
1751-04-01,Chicago,6.606
1751-06-01,Chicago,18.166
1751-07-01,Chicago,22.473000000000003
1751-08-01,Chicago,22.78700000000001
1751-09-01,Chicago,17.281
1752-01-01,Chicago,-4.109
1752-03-01,Chicago,4.327999999999999
1752-04-01,Chicago,6.25
1752-10-01,Chicago,11.161
1752-11-01,Chicago,7.7349999999999985
1752-12-01,Chicago,1.646
1753-01-01,Chicago,-1.134
1753-02-01,Chicago,-0.385
1753-03-01,Chicago,4.7490000000000006
1753-04-01,Chicago,6.721
1753-05-01,Chicago,12.51
1753-06-01,Chicago,18.705
1753-07-01,Chicago,22.391
1753-08-01,Chicago,22.427
1753-09-01,Chicago,17.73
1753-10-01,Chicago,12.347
1753-11-01,Chicago,5.638
1753-12-01,Chicago,-1.17
1754-01-01,Chicago,-0.8549999999999999
1754-02-01,Chicago,-1.967
1754-03-01,Chicago,3.069
1754-06-01,Chicago,18.245
1754-07-01,Chicago,22.237
1754-08-01,Chicago,22.269
1754-09-01,Chicago,17.717
1754-10-01,Chicago,13.231
1754-12-01,Chicago,1.828
1755-01-01,Chicago,-1.6189999999999998
1755-02-01,Chicago,-0.8709999999999999
1755-03-01,Chicago,2.331
1755-04-01,Chicago,7.687
1755-05-01,Chicago,12.764
1755-06-01,Chicago,18.68
1755-09-01,Chicago,17.97
1755-10-01,Chicago,11.196
1755-11-01,Chicago,6.135999999999999
1755-12-01,Chicago,-0.1680000000000001
1756-01-01,Chicago,0.492
1756-02-01,Chicago,3.047
1756-06-01,Chicago,18.559
1756-07-01,Chicago,22.016
1756-08-01,Chicago,21.958
1756-09-01,Chicago,18.964
1756-10-01,Chicago,11.175999999999998
1756-11-01,Chicago,4.866999999999999
1756-12-01,Chicago,-0.7090000000000001
1757-01-01,Chicago,-2.988
1757-02-01,Chicago,1.207
1757-03-01,Chicago,3.3080000000000003
1757-04-01,Chicago,6.697
1757-05-01,Chicago,12.962
1757-06-01,Chicago,20.839
1757-07-01,Chicago,24.795
1757-08-01,Chicago,22.97300000000001
1757-10-01,Chicago,10.44
1757-11-01,Chicago,4.776999999999999
1757-12-01,Chicago,-0.5430000000000001
1758-01-01,Chicago,-3.954
1758-02-01,Chicago,-1.401
1758-03-01,Chicago,2.393
1758-04-01,Chicago,6.143000000000002
1758-05-01,Chicago,10.42
1758-06-01,Chicago,17.026
1758-07-01,Chicago,21.18
1758-08-01,Chicago,20.225
1758-09-01,Chicago,16.564
1758-10-01,Chicago,8.2
1758-11-01,Chicago,6.268
1758-12-01,Chicago,0.2230000000000001
1759-01-01,Chicago,0.3619999999999999
1759-02-01,Chicago,1.917
1759-03-01,Chicago,3.404
1759-04-01,Chicago,5.695
1759-05-01,Chicago,11.164
1759-06-01,Chicago,17.175
1759-07-01,Chicago,19.852
1759-08-01,Chicago,22.048
1759-09-01,Chicago,18.57
1759-10-01,Chicago,12.078
1759-11-01,Chicago,5.468
1759-12-01,Chicago,-2.6750000000000003
1760-01-01,Chicago,-2.882
1760-02-01,Chicago,0.248
1760-03-01,Chicago,1.2859999999999998
1760-04-01,Chicago,6.5870000000000015
1760-05-01,Chicago,10.893
1760-06-01,Chicago,15.919
1760-08-01,Chicago,22.532
1760-09-01,Chicago,17.887
1760-10-01,Chicago,10.729
1760-11-01,Chicago,5.441999999999998
1760-12-01,Chicago,-0.098
1761-01-01,Chicago,-3.769
1761-02-01,Chicago,0.155
1761-03-01,Chicago,4.513999999999999
1761-04-01,Chicago,6.0950000000000015
1761-05-01,Chicago,14.284
1761-06-01,Chicago,22.058000000000003
1761-07-01,Chicago,27.799
1761-08-01,Chicago,22.708
1761-09-01,Chicago,18.18
1761-11-01,Chicago,5.614
1761-12-01,Chicago,-3.2310000000000003
1762-02-01,Chicago,0.992
1762-03-01,Chicago,1.921
1762-04-01,Chicago,7.564
1762-05-01,Chicago,11.665
1762-06-01,Chicago,18.178
1762-07-01,Chicago,22.912
1762-09-01,Chicago,17.434
1762-10-01,Chicago,10.142
1762-11-01,Chicago,6.51
1762-12-01,Chicago,0.84
1763-01-01,Chicago,-3.089
1763-02-01,Chicago,-1.634
1763-03-01,Chicago,0.8080000000000003
1763-04-01,Chicago,6.416
1763-05-01,Chicago,10.889
1763-06-01,Chicago,16.727999999999998
1763-08-01,Chicago,22.265
1763-09-01,Chicago,17.79
1763-11-01,Chicago,5.035
1763-12-01,Chicago,1.965
1764-01-01,Chicago,-1.035
1764-02-01,Chicago,3.023
1764-03-01,Chicago,3.563
1764-06-01,Chicago,15.594
1764-07-01,Chicago,20.303
1764-08-01,Chicago,21.472
1764-09-01,Chicago,17.305999999999997
1764-10-01,Chicago,14.162
1764-11-01,Chicago,7.419
1764-12-01,Chicago,4.523999999999999
1765-01-01,Chicago,-0.25
1765-02-01,Chicago,1.1729999999999998
1765-03-01,Chicago,4.769
1765-04-01,Chicago,8.176
1765-05-01,Chicago,11.936
1765-07-01,Chicago,21.194000000000003
1765-08-01,Chicago,22.261
1765-09-01,Chicago,18.205
1765-10-01,Chicago,11.595
1765-11-01,Chicago,7.017
1765-12-01,Chicago,1.548
1766-01-01,Chicago,-2.8
1766-02-01,Chicago,2.2150000000000003
1766-03-01,Chicago,3.733
1766-04-01,Chicago,7.087999999999999
1766-05-01,Chicago,11.979
1766-06-01,Chicago,17.952
1766-07-01,Chicago,21.458
1766-08-01,Chicago,23.179
1766-09-01,Chicago,19.782
1766-10-01,Chicago,12.003
1766-11-01,Chicago,8.307
1766-12-01,Chicago,1.028
1767-01-01,Chicago,-2.199
1767-02-01,Chicago,0.3170000000000001
1767-03-01,Chicago,4.192
1767-04-01,Chicago,6.175000000000002
1767-05-01,Chicago,10.793
1767-07-01,Chicago,21.402
1767-08-01,Chicago,23.853
1767-09-01,Chicago,18.316
1767-10-01,Chicago,12.399
1767-11-01,Chicago,8.331
1767-12-01,Chicago,-0.0209999999999999
1768-01-01,Chicago,-3.124
1768-02-01,Chicago,0.4650000000000001
1768-03-01,Chicago,0.9209999999999998
1768-04-01,Chicago,5.3260000000000005
1768-05-01,Chicago,10.108
1768-06-01,Chicago,15.932
1768-07-01,Chicago,20.997
1768-08-01,Chicago,21.427
1768-09-01,Chicago,17.869
1768-10-01,Chicago,11.43
1768-11-01,Chicago,5.409
1768-12-01,Chicago,0.62
1769-01-01,Chicago,-1.071
1769-02-01,Chicago,-0.6849999999999999
1769-03-01,Chicago,2.499
1769-04-01,Chicago,7.6960000000000015
1769-05-01,Chicago,13.01
1769-06-01,Chicago,19.216
1769-07-01,Chicago,22.698
1769-08-01,Chicago,22.665
1769-09-01,Chicago,18.541
1769-10-01,Chicago,9.534
1769-11-01,Chicago,4.254
1769-12-01,Chicago,-0.863
1770-01-01,Chicago,-1.571
1770-02-01,Chicago,0.907
1770-03-01,Chicago,0.3260000000000001
1770-04-01,Chicago,7.947
1770-05-01,Chicago,11.140999999999998
1770-06-01,Chicago,16.722
1770-07-01,Chicago,20.557
1770-08-01,Chicago,21.382
1770-09-01,Chicago,17.945
1770-10-01,Chicago,11.399
1770-11-01,Chicago,6.792000000000001
1770-12-01,Chicago,2.366
1771-01-01,Chicago,2.432
1771-02-01,Chicago,-2.438
1771-03-01,Chicago,2.533
1771-04-01,Chicago,6.037000000000001
1771-05-01,Chicago,11.729
1771-06-01,Chicago,18.202
1771-07-01,Chicago,21.758000000000003
1771-08-01,Chicago,23.648000000000003
1771-09-01,Chicago,18.709
1771-10-01,Chicago,14.217
1771-11-01,Chicago,7.393
1771-12-01,Chicago,1.101
1772-01-01,Chicago,-1.4480000000000002
1772-02-01,Chicago,-0.8879999999999999
1772-03-01,Chicago,0.7979999999999999
1772-04-01,Chicago,7.825
1772-05-01,Chicago,10.691
1772-06-01,Chicago,16.855
1772-07-01,Chicago,22.488000000000003
1772-08-01,Chicago,22.81900000000001
1772-09-01,Chicago,17.293
1772-10-01,Chicago,13.263
1772-11-01,Chicago,8.652000000000001
1772-12-01,Chicago,4.914
1773-01-01,Chicago,-1.998
1773-02-01,Chicago,-2.144
1773-03-01,Chicago,2.915
1773-04-01,Chicago,8.274000000000001
1773-05-01,Chicago,13.229
1773-06-01,Chicago,17.463
1773-07-01,Chicago,22.591
1773-08-01,Chicago,22.688
1773-09-01,Chicago,19.693
1773-10-01,Chicago,13.112
1773-11-01,Chicago,5.287999999999999
1773-12-01,Chicago,3.926
1774-01-01,Chicago,-3.583
1774-02-01,Chicago,1.149
1774-03-01,Chicago,3.716
1774-04-01,Chicago,10.192
1774-06-01,Chicago,18.679
1774-07-01,Chicago,23.605
1774-08-01,Chicago,23.068
1774-09-01,Chicago,18.149
1774-10-01,Chicago,13.183
1774-11-01,Chicago,5.627000000000001
1774-12-01,Chicago,-0.8369999999999997
1775-01-01,Chicago,1.8280000000000003
1775-02-01,Chicago,3.801
1775-03-01,Chicago,5.787000000000001
1775-04-01,Chicago,6.706
1775-05-01,Chicago,12.759
1775-06-01,Chicago,16.392
1775-07-01,Chicago,22.009
1775-08-01,Chicago,22.409
1775-09-01,Chicago,17.448
1775-10-01,Chicago,13.132
1775-11-01,Chicago,9.65
1775-12-01,Chicago,-0.034
1776-01-01,Chicago,-2.9410000000000003
1776-02-01,Chicago,0.848
1776-03-01,Chicago,1.976
1776-04-01,Chicago,6.401
1776-05-01,Chicago,10.402
1776-06-01,Chicago,18.35
1776-07-01,Chicago,21.317
1776-08-01,Chicago,23.378
1776-09-01,Chicago,18.036
1776-10-01,Chicago,11.817
1776-11-01,Chicago,7.33
1776-12-01,Chicago,2.872
1777-01-01,Chicago,3.268
1777-02-01,Chicago,1.937
1777-03-01,Chicago,3.35
1777-04-01,Chicago,5.065
1777-05-01,Chicago,11.112
1777-06-01,Chicago,15.776
1777-07-01,Chicago,19.352
1777-08-01,Chicago,21.624
1777-09-01,Chicago,17.846
1777-10-01,Chicago,10.43
1777-11-01,Chicago,5.5
1777-12-01,Chicago,0.7290000000000001
1778-01-01,Chicago,-0.705
1778-02-01,Chicago,2.774
1778-03-01,Chicago,1.692
1778-04-01,Chicago,9.354
1778-05-01,Chicago,11.521999999999998
1778-06-01,Chicago,15.168
1778-09-01,Chicago,20.143
1778-10-01,Chicago,11.83
1778-11-01,Chicago,4.930999999999999
1778-12-01,Chicago,-0.4080000000000001
1779-01-01,Chicago,-2.168
1779-02-01,Chicago,1.944
1779-03-01,Chicago,3.838
1779-04-01,Chicago,8.557
1779-05-01,Chicago,14.606
1779-06-01,Chicago,16.094
1779-07-01,Chicago,20.805
1779-08-01,Chicago,22.154
1779-09-01,Chicago,19.048
1779-10-01,Chicago,12.535
1779-11-01,Chicago,6.5
1779-12-01,Chicago,-0.036
1780-01-01,Chicago,-0.2729999999999999
1780-02-01,Chicago,1.861
1780-03-01,Chicago,3.26
1780-04-01,Chicago,13.46
1780-05-01,Chicago,17.057000000000002
1780-06-01,Chicago,19.243
1780-07-01,Chicago,23.827
1780-08-01,Chicago,21.897
1781-01-01,Chicago,0.5920000000000001
1781-02-01,Chicago,0.413
1781-03-01,Chicago,3.256
1781-04-01,Chicago,5.876
1781-05-01,Chicago,11.884
1781-06-01,Chicago,16.343
1781-07-01,Chicago,22.579
1781-08-01,Chicago,23.125
1781-09-01,Chicago,16.730999999999998
1781-10-01,Chicago,12.41
1781-11-01,Chicago,6.827000000000001
1781-12-01,Chicago,2.076
1782-01-01,Chicago,-3.2260000000000004
1782-02-01,Chicago,-1.4540000000000002
1782-03-01,Chicago,0.4860000000000002
1782-04-01,Chicago,8.299
1782-05-01,Chicago,12.182
1782-06-01,Chicago,18.387
1782-07-01,Chicago,21.318
1782-08-01,Chicago,24.128
1782-09-01,Chicago,19.408
1782-10-01,Chicago,11.528
1782-11-01,Chicago,5.337999999999999
1782-12-01,Chicago,-0.1580000000000001
1783-01-01,Chicago,-3.671
1783-02-01,Chicago,2.1580000000000004
1783-03-01,Chicago,2.6710000000000003
1783-04-01,Chicago,7.065
1783-05-01,Chicago,12.621
1783-06-01,Chicago,18.751
1783-07-01,Chicago,20.863000000000003
1783-08-01,Chicago,22.597
1783-09-01,Chicago,16.294
1783-10-01,Chicago,10.504
1783-11-01,Chicago,3.16
1783-12-01,Chicago,0.3129999999999999
1784-01-01,Chicago,-1.923
1784-02-01,Chicago,-3.0780000000000003
1784-03-01,Chicago,1.826
1784-04-01,Chicago,5.808000000000002
1784-05-01,Chicago,10.96
1784-06-01,Chicago,17.288
1784-07-01,Chicago,22.219
1784-08-01,Chicago,24.231
1784-09-01,Chicago,17.802
1784-10-01,Chicago,10.616
1784-11-01,Chicago,6.649
1784-12-01,Chicago,0.4220000000000001
1785-01-01,Chicago,-2.081
1785-02-01,Chicago,-1.193
1785-03-01,Chicago,-0.7650000000000001
1785-04-01,Chicago,5.78
1785-05-01,Chicago,10.44
1785-06-01,Chicago,18.602
1785-07-01,Chicago,22.085
1785-08-01,Chicago,22.946
1785-09-01,Chicago,17.008
1785-10-01,Chicago,10.836
1785-11-01,Chicago,6.422999999999999
1785-12-01,Chicago,0.3740000000000001
1786-01-01,Chicago,-2.901
1786-02-01,Chicago,-0.113
1786-03-01,Chicago,4.4190000000000005
1786-04-01,Chicago,7.035
1786-05-01,Chicago,11.706
1786-06-01,Chicago,17.929000000000002
1786-07-01,Chicago,22.673
1786-08-01,Chicago,22.646
1786-09-01,Chicago,19.344
1786-10-01,Chicago,11.927
1786-11-01,Chicago,4.289999999999999
1786-12-01,Chicago,-1.962
1787-01-01,Chicago,0.0180000000000002
1787-02-01,Chicago,-0.249
1787-03-01,Chicago,3.73
1787-04-01,Chicago,6.792999999999999
1787-05-01,Chicago,11.535
1787-06-01,Chicago,17.632
1787-07-01,Chicago,20.996
1787-08-01,Chicago,22.206
1787-09-01,Chicago,17.081
1787-10-01,Chicago,10.481
1787-11-01,Chicago,6.791
1787-12-01,Chicago,0.369
1788-01-01,Chicago,-2.394
1788-02-01,Chicago,-0.134
1788-03-01,Chicago,3.335
1788-04-01,Chicago,7.662000000000001
1788-05-01,Chicago,11.411
1788-06-01,Chicago,17.953
1788-07-01,Chicago,23.823
1788-08-01,Chicago,22.87
1788-09-01,Chicago,18.757
1788-10-01,Chicago,13.838
1788-11-01,Chicago,7.814
1788-12-01,Chicago,-1.5789999999999995
1789-01-01,Chicago,-0.0209999999999999
1789-02-01,Chicago,-1.7580000000000002
1789-03-01,Chicago,2.144
1789-04-01,Chicago,6.452000000000001
1789-05-01,Chicago,11.524
1789-06-01,Chicago,17.809
1789-07-01,Chicago,23.025
1789-08-01,Chicago,23.186
1789-09-01,Chicago,18.744
1789-10-01,Chicago,10.187
1789-11-01,Chicago,6.718
1789-12-01,Chicago,2.317
1790-01-01,Chicago,0.4080000000000001
1790-02-01,Chicago,0.421
1790-03-01,Chicago,2.821
1790-04-01,Chicago,5.056
1790-05-01,Chicago,11.534
1790-06-01,Chicago,18.484
1790-07-01,Chicago,21.343000000000004
1790-08-01,Chicago,22.812
1790-09-01,Chicago,18.506
1790-10-01,Chicago,12.206
1790-11-01,Chicago,5.928
1790-12-01,Chicago,-0.3580000000000001
1791-01-01,Chicago,-0.0159999999999997
1791-02-01,Chicago,-0.4320000000000001
1791-03-01,Chicago,4.425
1791-04-01,Chicago,7.621
1791-05-01,Chicago,11.837
1791-06-01,Chicago,17.608
1791-07-01,Chicago,21.226
1791-08-01,Chicago,22.528
1791-09-01,Chicago,17.79
1791-10-01,Chicago,10.811
1791-11-01,Chicago,6.564
1791-12-01,Chicago,1.482
1792-01-01,Chicago,-3.828
1792-02-01,Chicago,0.162
1792-03-01,Chicago,3.404
1792-04-01,Chicago,6.839
1792-05-01,Chicago,12.282
1792-06-01,Chicago,17.456
1792-07-01,Chicago,21.489
1792-08-01,Chicago,21.058000000000003
1792-09-01,Chicago,18.044
1792-10-01,Chicago,11.902
1792-11-01,Chicago,5.964
1792-12-01,Chicago,0.6090000000000001
1793-01-01,Chicago,-1.1989999999999998
1793-02-01,Chicago,1.247
1793-03-01,Chicago,3.523
1793-04-01,Chicago,7.7810000000000015
1793-05-01,Chicago,12.234000000000002
1793-06-01,Chicago,17.750999999999998
1793-07-01,Chicago,22.151
1793-08-01,Chicago,22.301
1793-09-01,Chicago,18.764
1793-10-01,Chicago,11.55
1793-11-01,Chicago,6.057
1793-12-01,Chicago,0.206
1794-01-01,Chicago,0.195
1794-02-01,Chicago,-0.09
1794-03-01,Chicago,3.931
1794-04-01,Chicago,8.027000000000001
1794-05-01,Chicago,12.991
1794-06-01,Chicago,16.402
1794-07-01,Chicago,20.652
1794-08-01,Chicago,22.36
1794-09-01,Chicago,19.115
1794-10-01,Chicago,11.661
1794-11-01,Chicago,5.675
1794-12-01,Chicago,2.664
1795-01-01,Chicago,-0.7029999999999998
1795-02-01,Chicago,0.723
1795-03-01,Chicago,3.252
1795-04-01,Chicago,7.386
1795-05-01,Chicago,11.794
1795-06-01,Chicago,17.4
1795-07-01,Chicago,21.604
1795-08-01,Chicago,21.946
1795-09-01,Chicago,18.142
1795-10-01,Chicago,11.693
1795-11-01,Chicago,5.653
1795-12-01,Chicago,1.252
1796-01-01,Chicago,-0.2949999999999999
1796-02-01,Chicago,-0.445
1796-03-01,Chicago,1.419
1796-04-01,Chicago,7.312
1796-05-01,Chicago,11.639
1796-06-01,Chicago,18.483
1796-07-01,Chicago,21.861
1796-08-01,Chicago,23.552
1796-09-01,Chicago,19.034
1796-10-01,Chicago,12.311
1796-11-01,Chicago,6.212999999999999
1796-12-01,Chicago,-1.993
1797-01-01,Chicago,0.4880000000000002
1797-02-01,Chicago,2.193
1797-03-01,Chicago,1.992
1797-04-01,Chicago,5.386
1797-05-01,Chicago,10.198
1797-06-01,Chicago,17.572
1797-07-01,Chicago,22.197
1797-08-01,Chicago,22.411
1797-09-01,Chicago,18.261
1797-10-01,Chicago,11.344
1797-11-01,Chicago,4.109999999999999
1797-12-01,Chicago,-0.26
1798-01-01,Chicago,-0.2429999999999999
1798-02-01,Chicago,-0.743
1798-03-01,Chicago,4.05
1798-04-01,Chicago,7.278
1798-05-01,Chicago,12.854
1798-06-01,Chicago,18.126
1798-07-01,Chicago,22.621
1798-08-01,Chicago,24.781
1798-09-01,Chicago,18.775
1798-10-01,Chicago,12.566
1798-11-01,Chicago,5.626
1798-12-01,Chicago,-0.536
1799-01-01,Chicago,-0.7209999999999999
1799-02-01,Chicago,-1.5590000000000002
1799-03-01,Chicago,1.629
1799-04-01,Chicago,7.518000000000002
1799-05-01,Chicago,11.735
1799-06-01,Chicago,18.336
1799-07-01,Chicago,22.706
1799-08-01,Chicago,22.955
1799-09-01,Chicago,18.804
1799-10-01,Chicago,12.484000000000002
1799-11-01,Chicago,6.946000000000001
1799-12-01,Chicago,0.527
1800-01-01,Chicago,-0.8629999999999999
1800-02-01,Chicago,-0.101
1800-03-01,Chicago,2.12
1800-04-01,Chicago,8.439
1800-05-01,Chicago,11.329
1800-06-01,Chicago,17.908
1800-07-01,Chicago,22.207
1800-08-01,Chicago,22.272
1800-09-01,Chicago,17.836
1800-10-01,Chicago,12.467
1800-11-01,Chicago,5.462999999999999
1800-12-01,Chicago,2.2840000000000003
1801-01-01,Chicago,-0.504
1801-02-01,Chicago,-0.16
1801-03-01,Chicago,4.843
1801-04-01,Chicago,6.386
1801-05-01,Chicago,13.318
1801-06-01,Chicago,17.162
1801-07-01,Chicago,22.655
1801-08-01,Chicago,21.776
1801-09-01,Chicago,19.101
1801-10-01,Chicago,12.498
1801-11-01,Chicago,6.106
1801-12-01,Chicago,2.419
1802-01-01,Chicago,1.9960000000000004
1802-02-01,Chicago,0.1389999999999999
1802-03-01,Chicago,4.045
1802-04-01,Chicago,7.318
1802-05-01,Chicago,10.807
1802-06-01,Chicago,18.492
1802-07-01,Chicago,22.365
1802-08-01,Chicago,23.015
1802-09-01,Chicago,18.906
1802-10-01,Chicago,13.630999999999998
1802-11-01,Chicago,6.481
1802-12-01,Chicago,0.7240000000000001
1803-01-01,Chicago,-1.71
1803-02-01,Chicago,-0.162
1803-03-01,Chicago,2.92
1803-04-01,Chicago,8.132
1803-05-01,Chicago,11.392
1803-06-01,Chicago,18.309
1803-07-01,Chicago,23.168000000000003
1803-08-01,Chicago,23.817
1803-09-01,Chicago,18.648
1803-10-01,Chicago,13.015999999999998
1803-11-01,Chicago,6.06
1803-12-01,Chicago,2.114
1804-01-01,Chicago,-1.5619999999999998
1804-02-01,Chicago,-0.5529999999999999
1804-03-01,Chicago,2.212
1804-04-01,Chicago,7.875
1804-05-01,Chicago,12.754
1804-06-01,Chicago,17.979
1804-07-01,Chicago,23.024
1804-08-01,Chicago,23.286
1804-09-01,Chicago,20.008
1804-10-01,Chicago,12.473
1804-11-01,Chicago,7.5379999999999985
1804-12-01,Chicago,-0.0769999999999999
1805-01-01,Chicago,-1.4340000000000002
1805-02-01,Chicago,0.096
1805-03-01,Chicago,4.426
1805-04-01,Chicago,7.684
1805-05-01,Chicago,12.001
1805-06-01,Chicago,18.248
1805-07-01,Chicago,22.646
1805-08-01,Chicago,24.157
1805-09-01,Chicago,19.603
1805-10-01,Chicago,10.925
1805-11-01,Chicago,5.574
1805-12-01,Chicago,3.584
1806-01-01,Chicago,-0.609
1806-02-01,Chicago,1.119
1806-03-01,Chicago,1.81
1806-04-01,Chicago,6.187
1806-05-01,Chicago,12.367
1806-06-01,Chicago,17.373
1806-07-01,Chicago,21.483
1806-08-01,Chicago,22.722
1806-09-01,Chicago,19.319000000000003
1806-10-01,Chicago,11.866
1806-11-01,Chicago,6.037999999999999
1806-12-01,Chicago,1.466
1807-01-01,Chicago,-2.3
1807-02-01,Chicago,-0.104
1807-03-01,Chicago,2.122
1807-04-01,Chicago,6.08
1807-05-01,Chicago,10.238
1807-06-01,Chicago,17.165
1807-07-01,Chicago,22.358
1807-08-01,Chicago,22.868
1807-09-01,Chicago,18.688
1807-10-01,Chicago,12.462
1807-11-01,Chicago,5.734999999999999
1807-12-01,Chicago,3.248
1808-01-01,Chicago,-0.624
1808-02-01,Chicago,0.027
1808-03-01,Chicago,2.904
1808-04-01,Chicago,6.747000000000001
1808-05-01,Chicago,10.380999999999998
1808-06-01,Chicago,18.248
1808-07-01,Chicago,22.431
1808-08-01,Chicago,21.402
1808-09-01,Chicago,18.984
1808-10-01,Chicago,11.578
1808-11-01,Chicago,6.071999999999999
1808-12-01,Chicago,-0.068
1809-01-01,Chicago,-3.5810000000000004
1809-02-01,Chicago,-1.9130000000000005
1809-03-01,Chicago,1.118
1809-04-01,Chicago,6.432
1809-05-01,Chicago,10.666
1809-06-01,Chicago,17.505
1809-07-01,Chicago,20.127
1809-08-01,Chicago,21.583
1809-09-01,Chicago,17.230999999999998
1809-10-01,Chicago,13.79
1809-11-01,Chicago,3.378
1809-12-01,Chicago,2.14
1810-01-01,Chicago,-1.973
1810-02-01,Chicago,0.6759999999999999
1810-03-01,Chicago,3.072
1810-04-01,Chicago,7.1190000000000015
1810-05-01,Chicago,10.822
1810-06-01,Chicago,17.159000000000002
1810-07-01,Chicago,20.2
1810-08-01,Chicago,21.341
1810-09-01,Chicago,17.404
1810-10-01,Chicago,10.232
1810-11-01,Chicago,4.087
1810-12-01,Chicago,0.4970000000000001
1811-01-01,Chicago,-1.089
1811-02-01,Chicago,-1.5119999999999998
1811-03-01,Chicago,4.0280000000000005
1811-04-01,Chicago,5.519
1811-05-01,Chicago,10.262
1811-06-01,Chicago,17.029
1811-07-01,Chicago,20.549
1811-08-01,Chicago,22.218000000000004
1811-09-01,Chicago,18.272
1811-10-01,Chicago,11.015
1811-11-01,Chicago,4.868
1811-12-01,Chicago,1.256
1812-01-01,Chicago,-3.5780000000000003
1812-02-01,Chicago,-3.128
1812-03-01,Chicago,-0.6410000000000005
1812-04-01,Chicago,4.8130000000000015
1812-05-01,Chicago,9.614
1812-06-01,Chicago,16.105
1812-07-01,Chicago,21.26
1812-08-01,Chicago,22.969
1812-09-01,Chicago,17.381999999999998
1812-10-01,Chicago,10.896999999999998
1812-11-01,Chicago,4.468999999999999
1812-12-01,Chicago,-0.0959999999999998
1813-01-01,Chicago,-3.606
1813-02-01,Chicago,-0.951
1813-03-01,Chicago,-0.234
1813-04-01,Chicago,7.612999999999999
1813-05-01,Chicago,12.3
1813-06-01,Chicago,17.337
1813-07-01,Chicago,22.124
1813-08-01,Chicago,22.373
1813-09-01,Chicago,20.173
1813-10-01,Chicago,11.44
1813-11-01,Chicago,7.37
1813-12-01,Chicago,0.1340000000000001
1814-01-01,Chicago,-2.422
1814-02-01,Chicago,-0.092
1814-03-01,Chicago,1.548
1814-04-01,Chicago,6.4110000000000005
1814-05-01,Chicago,10.723
1814-06-01,Chicago,16.992
1814-07-01,Chicago,19.769
1814-08-01,Chicago,21.573
1814-09-01,Chicago,17.604
1814-10-01,Chicago,11.204
1814-11-01,Chicago,8.137
1814-12-01,Chicago,3.144
1815-01-01,Chicago,-1.7779999999999998
1815-02-01,Chicago,-0.182
1815-03-01,Chicago,1.744
1815-04-01,Chicago,5.735
1815-05-01,Chicago,9.736999999999998
1815-06-01,Chicago,15.62
1815-07-01,Chicago,23.033
1815-08-01,Chicago,21.775
1815-09-01,Chicago,17.253
1815-10-01,Chicago,10.029
1815-11-01,Chicago,3.8
1815-12-01,Chicago,-0.4569999999999999
1816-01-01,Chicago,-1.4489999999999998
1816-02-01,Chicago,-2.657
1816-03-01,Chicago,0.3649999999999997
1816-04-01,Chicago,5.997000000000001
1816-05-01,Chicago,11.300999999999998
1816-06-01,Chicago,15.406
1816-07-01,Chicago,19.314
1816-08-01,Chicago,21.274
1816-09-01,Chicago,16.487000000000002
1816-10-01,Chicago,8.738
1816-11-01,Chicago,4.355
1816-12-01,Chicago,0.1159999999999998
1817-01-01,Chicago,-3.065
1817-02-01,Chicago,-1.213
1817-03-01,Chicago,2.4130000000000003
1817-04-01,Chicago,6.7170000000000005
1817-05-01,Chicago,9.941
1817-06-01,Chicago,15.298
1817-07-01,Chicago,19.673
1817-08-01,Chicago,22.249
1817-09-01,Chicago,16.195999999999998
1817-10-01,Chicago,9.213
1817-11-01,Chicago,6.113
1817-12-01,Chicago,-1.0739999999999998
1818-01-01,Chicago,-2.5380000000000003
1818-02-01,Chicago,-3.388
1818-03-01,Chicago,3.466
1818-04-01,Chicago,7.932
1818-05-01,Chicago,11.716
1818-06-01,Chicago,19.029
1818-07-01,Chicago,21.527
1818-08-01,Chicago,21.72
1818-09-01,Chicago,16.916
1818-10-01,Chicago,10.074
1818-11-01,Chicago,7.391999999999999
1818-12-01,Chicago,-0.7509999999999999
1819-01-01,Chicago,-1.4049999999999998
1819-02-01,Chicago,0.506
1819-03-01,Chicago,-1.354
1819-04-01,Chicago,5.599
1819-05-01,Chicago,10.41
1819-06-01,Chicago,17.067999999999998
1819-07-01,Chicago,21.069000000000003
1819-08-01,Chicago,21.606
1819-09-01,Chicago,18.827
1819-10-01,Chicago,11.741
1819-11-01,Chicago,6.138999999999999
1819-12-01,Chicago,0.0219999999999998
1820-01-01,Chicago,-4.971
1820-02-01,Chicago,1.403
1820-03-01,Chicago,1.454
1820-04-01,Chicago,8.51
1820-05-01,Chicago,10.867
1820-06-01,Chicago,17.407
1820-07-01,Chicago,20.861
1820-08-01,Chicago,20.885
1820-09-01,Chicago,18.138
1820-10-01,Chicago,11.048
1820-11-01,Chicago,4.66
1820-12-01,Chicago,-2.024
1821-01-01,Chicago,-3.907
1821-02-01,Chicago,-0.095
1821-03-01,Chicago,1.719
1821-04-01,Chicago,3.967
1821-05-01,Chicago,10.648
1821-06-01,Chicago,18.487
1821-07-01,Chicago,20.042
1821-08-01,Chicago,23.793000000000003
1821-09-01,Chicago,17.968
1821-10-01,Chicago,12.111
1821-11-01,Chicago,5.757000000000001
1821-12-01,Chicago,-1.5019999999999998
1822-01-01,Chicago,-1.909
1822-02-01,Chicago,0.367
1822-03-01,Chicago,5.824
1822-04-01,Chicago,6.166
1822-05-01,Chicago,12.265999999999998
1822-06-01,Chicago,17.528
1822-07-01,Chicago,22.483
1822-08-01,Chicago,22.671
1822-09-01,Chicago,18.45
1822-10-01,Chicago,10.896999999999998
1822-11-01,Chicago,6.297000000000001
1822-12-01,Chicago,-2.612
1823-01-01,Chicago,-0.2169999999999998
1823-02-01,Chicago,-4.565
1823-03-01,Chicago,2.524
1823-04-01,Chicago,7.735
1823-05-01,Chicago,10.68
1823-06-01,Chicago,17.947
1823-07-01,Chicago,22.359
1823-08-01,Chicago,22.746
1823-09-01,Chicago,16.637999999999998
1823-10-01,Chicago,11.029000000000002
1823-11-01,Chicago,4.819
1823-12-01,Chicago,0.0150000000000001
1824-01-01,Chicago,1.484
1824-02-01,Chicago,-1.64
1824-03-01,Chicago,1.1909999999999998
1824-04-01,Chicago,5.678000000000001
1824-05-01,Chicago,10.457999999999998
1824-06-01,Chicago,16.730999999999998
1824-07-01,Chicago,21.825
1824-08-01,Chicago,21.877
1824-09-01,Chicago,18.256
1824-10-01,Chicago,10.62
1824-11-01,Chicago,5.430999999999999
1824-12-01,Chicago,2.94
1825-01-01,Chicago,0.1060000000000001
1825-02-01,Chicago,2.457
1825-03-01,Chicago,5.7
1825-04-01,Chicago,9.005
1825-05-01,Chicago,11.58
1825-06-01,Chicago,18.213
1825-07-01,Chicago,23.267
1825-08-01,Chicago,22.9
1825-09-01,Chicago,18.861
1825-10-01,Chicago,11.800999999999998
1825-11-01,Chicago,5.912000000000001
1825-12-01,Chicago,0.657
1826-01-01,Chicago,-0.3989999999999999
1826-02-01,Chicago,0.013
1826-03-01,Chicago,3.3510000000000004
1826-04-01,Chicago,5.779
1826-05-01,Chicago,14.433
1826-06-01,Chicago,17.749000000000002
1826-07-01,Chicago,21.351
1826-08-01,Chicago,21.626
1826-09-01,Chicago,17.088
1826-10-01,Chicago,12.349
1826-11-01,Chicago,6.981999999999998
1826-12-01,Chicago,1.9
1827-01-01,Chicago,0.2390000000000001
1827-02-01,Chicago,3.604
1827-03-01,Chicago,4.039
1827-04-01,Chicago,8.011000000000001
1827-05-01,Chicago,12.046
1827-06-01,Chicago,17.19
1827-07-01,Chicago,21.836
1827-08-01,Chicago,22.451
1827-09-01,Chicago,18.35
1827-10-01,Chicago,12.491
1827-11-01,Chicago,5.948
1827-12-01,Chicago,0.75
1828-01-01,Chicago,0.5030000000000001
1828-02-01,Chicago,2.1180000000000003
1828-03-01,Chicago,4.753
1828-04-01,Chicago,5.7280000000000015
1828-05-01,Chicago,11.796
1828-06-01,Chicago,19.391
1828-07-01,Chicago,21.925
1828-08-01,Chicago,23.354
1828-09-01,Chicago,17.057000000000002
1828-10-01,Chicago,12.352
1828-11-01,Chicago,8.033999999999999
1828-12-01,Chicago,5.001
1829-01-01,Chicago,0.5860000000000001
1829-02-01,Chicago,-4.908
1829-03-01,Chicago,1.621
1829-04-01,Chicago,6.747000000000001
1829-05-01,Chicago,13.888
1829-06-01,Chicago,18.431
1829-07-01,Chicago,21.428
1829-08-01,Chicago,22.914
1829-09-01,Chicago,16.689
1829-10-01,Chicago,12.934
1829-11-01,Chicago,4.44
1829-12-01,Chicago,4.537
1830-01-01,Chicago,-0.2779999999999998
1830-02-01,Chicago,2.0330000000000004
1830-03-01,Chicago,4.638
1830-04-01,Chicago,9.271
1830-05-01,Chicago,10.413
1830-06-01,Chicago,16.028
1830-07-01,Chicago,24.143
1830-08-01,Chicago,22.527
1830-09-01,Chicago,17.334
1830-10-01,Chicago,14.505
1830-11-01,Chicago,11.085
1830-12-01,Chicago,1.561
1831-01-01,Chicago,-2.854
1831-02-01,Chicago,-1.939
1831-03-01,Chicago,4.658
1831-04-01,Chicago,6.567
1831-05-01,Chicago,11.236
1831-06-01,Chicago,17.52
1831-07-01,Chicago,21.214
1831-08-01,Chicago,22.467
1831-09-01,Chicago,16.549
1831-10-01,Chicago,12.272
1831-11-01,Chicago,5.641
1831-12-01,Chicago,-5.081
1832-01-01,Chicago,0.536
1832-02-01,Chicago,-2.447
1832-03-01,Chicago,5.487
1832-04-01,Chicago,7.92
1832-05-01,Chicago,10.138
1832-06-01,Chicago,17.722
1832-07-01,Chicago,21.893
1832-08-01,Chicago,20.968000000000004
1832-09-01,Chicago,17.932000000000002
1832-10-01,Chicago,13.095
1832-11-01,Chicago,6.912000000000001
1832-12-01,Chicago,3.854
1833-01-01,Chicago,2.7419999999999995
1833-02-01,Chicago,1.0179999999999998
1833-03-01,Chicago,3.859
1833-04-01,Chicago,9.031
1833-05-01,Chicago,12.714
1833-06-01,Chicago,15.415
1833-07-01,Chicago,21.501
1833-08-01,Chicago,21.84
1833-09-01,Chicago,18.395
1833-10-01,Chicago,10.572
1833-11-01,Chicago,7.478
1833-12-01,Chicago,3.785
1834-01-01,Chicago,-1.741
1834-02-01,Chicago,4.952
1834-03-01,Chicago,4.238
1834-04-01,Chicago,9.039
1834-05-01,Chicago,12.0
1834-06-01,Chicago,16.302
1834-07-01,Chicago,23.533
1834-08-01,Chicago,23.541
1834-09-01,Chicago,17.561
1834-10-01,Chicago,11.63
1834-11-01,Chicago,7.989999999999998
1834-12-01,Chicago,1.977
1835-01-01,Chicago,2.472
1835-02-01,Chicago,-5.106999999999998
1835-03-01,Chicago,3.398
1835-04-01,Chicago,5.982
1835-05-01,Chicago,12.757
1835-06-01,Chicago,17.213
1835-07-01,Chicago,21.466
1835-08-01,Chicago,21.187
1835-09-01,Chicago,15.411
1835-10-01,Chicago,12.494000000000002
1835-11-01,Chicago,5.2410000000000005
1835-12-01,Chicago,0.7290000000000001
1836-01-01,Chicago,-0.8429999999999999
1836-02-01,Chicago,-2.13
1836-03-01,Chicago,-1.064
1836-04-01,Chicago,6.674
1836-05-01,Chicago,13.122
1836-06-01,Chicago,16.811
1836-07-01,Chicago,21.49
1836-08-01,Chicago,20.028
1836-09-01,Chicago,17.553
1836-10-01,Chicago,7.702000000000001
1836-11-01,Chicago,5.1
1836-12-01,Chicago,-0.3149999999999999
1837-01-01,Chicago,-1.399
1837-02-01,Chicago,1.998
1837-03-01,Chicago,0.8479999999999999
1837-04-01,Chicago,3.5610000000000013
1837-05-01,Chicago,9.921
1837-06-01,Chicago,15.782
1837-07-01,Chicago,21.552
1837-08-01,Chicago,21.411
1837-09-01,Chicago,17.381
1837-10-01,Chicago,11.723
1837-11-01,Chicago,8.73
1837-12-01,Chicago,1.508
1838-01-01,Chicago,1.2710000000000004
1838-02-01,Chicago,-6.524
1838-03-01,Chicago,5.843
1838-04-01,Chicago,4.989
1838-05-01,Chicago,8.459999999999999
1838-06-01,Chicago,18.286
1838-07-01,Chicago,23.706
1838-08-01,Chicago,23.374
1838-09-01,Chicago,18.12
1838-10-01,Chicago,9.15
1838-11-01,Chicago,1.665
1838-12-01,Chicago,-2.604
1839-01-01,Chicago,2.1810000000000005
1839-02-01,Chicago,2.9250000000000003
1839-03-01,Chicago,3.089
1839-04-01,Chicago,11.092
1839-05-01,Chicago,11.869000000000002
1839-06-01,Chicago,15.446
1839-07-01,Chicago,21.775
1839-08-01,Chicago,22.343000000000004
1839-09-01,Chicago,15.758
1839-10-01,Chicago,15.134
1839-11-01,Chicago,4.031000000000001
1839-12-01,Chicago,1.206
1840-01-01,Chicago,-2.688
1840-02-01,Chicago,3.179
1840-03-01,Chicago,4.997
1840-04-01,Chicago,8.755
1840-05-01,Chicago,13.317
1840-06-01,Chicago,18.284
1840-07-01,Chicago,21.559
1840-08-01,Chicago,21.585
1840-09-01,Chicago,16.285
1840-10-01,Chicago,11.07
1840-11-01,Chicago,5.783
1840-12-01,Chicago,0.7759999999999999
1841-01-01,Chicago,-0.8559999999999999
1841-02-01,Chicago,-0.526
1841-03-01,Chicago,3.303
1841-04-01,Chicago,5.15
1841-05-01,Chicago,11.53
1841-06-01,Chicago,18.261
1841-07-01,Chicago,21.916
1841-08-01,Chicago,21.68
1841-09-01,Chicago,17.894000000000002
1841-10-01,Chicago,10.585
1841-11-01,Chicago,6.683999999999998
1841-12-01,Chicago,2.346
1842-01-01,Chicago,2.023
1842-02-01,Chicago,1.358
1842-03-01,Chicago,8.100999999999999
1842-04-01,Chicago,9.879
1842-05-01,Chicago,10.747
1842-06-01,Chicago,15.552
1842-07-01,Chicago,20.582
1842-08-01,Chicago,20.787
1842-09-01,Chicago,18.451
1842-10-01,Chicago,12.69
1842-11-01,Chicago,2.943
1842-12-01,Chicago,0.713
1843-01-01,Chicago,2.113
1843-02-01,Chicago,-5.933
1843-03-01,Chicago,-2.574
1843-04-01,Chicago,6.058000000000002
1843-05-01,Chicago,10.196
1843-06-01,Chicago,15.988
1843-07-01,Chicago,21.883000000000003
1843-08-01,Chicago,22.157
1843-09-01,Chicago,19.669
1843-10-01,Chicago,8.09
1843-11-01,Chicago,4.414999999999999
1843-12-01,Chicago,3.333
1844-01-01,Chicago,-1.21
1844-02-01,Chicago,2.03
1844-03-01,Chicago,3.896
1844-04-01,Chicago,11.933
1844-05-01,Chicago,11.864
1844-06-01,Chicago,16.737000000000002
1844-07-01,Chicago,22.036
1844-08-01,Chicago,21.017
1844-09-01,Chicago,17.41
1844-10-01,Chicago,9.8
1844-11-01,Chicago,5.858
1844-12-01,Chicago,2.032
1845-01-01,Chicago,2.95
1845-02-01,Chicago,3.2710000000000004
1845-03-01,Chicago,5.276
1845-04-01,Chicago,8.991
1845-05-01,Chicago,10.588
1845-06-01,Chicago,17.072
1845-07-01,Chicago,22.181
1845-08-01,Chicago,23.269
1845-09-01,Chicago,18.576
1845-10-01,Chicago,11.392
1845-11-01,Chicago,5.731999999999998
1845-12-01,Chicago,-2.087
1846-01-01,Chicago,3.788
1846-02-01,Chicago,-0.6920000000000001
1846-03-01,Chicago,5.178
1846-04-01,Chicago,8.605
1846-05-01,Chicago,13.39
1846-06-01,Chicago,16.226
1846-07-01,Chicago,23.048
1846-08-01,Chicago,23.824
1846-09-01,Chicago,20.31
1846-10-01,Chicago,11.357
1846-11-01,Chicago,7.637
1846-12-01,Chicago,2.841
1847-01-01,Chicago,-3.175
1847-02-01,Chicago,0.233
1847-03-01,Chicago,0.4729999999999999
1847-04-01,Chicago,6.6930000000000005
1847-05-01,Chicago,10.138
1847-06-01,Chicago,16.012999999999998
1847-07-01,Chicago,22.557
1847-08-01,Chicago,21.096
1847-09-01,Chicago,17.864
1847-10-01,Chicago,11.361
1847-11-01,Chicago,6.627999999999999
1847-12-01,Chicago,0.8540000000000001
1848-01-01,Chicago,2.196
1848-02-01,Chicago,2.332
1848-03-01,Chicago,2.602
1848-04-01,Chicago,7.03
1848-05-01,Chicago,12.995
1848-06-01,Chicago,17.303
1848-07-01,Chicago,20.311
1848-08-01,Chicago,21.81900000000001
1848-09-01,Chicago,15.623
1848-10-01,Chicago,11.559
1848-11-01,Chicago,3.3639999999999994
1848-12-01,Chicago,0.1159999999999998
1849-01-01,Chicago,-3.198
1849-02-01,Chicago,-2.306
1849-03-01,Chicago,4.394
1849-04-01,Chicago,5.351000000000001
1849-05-01,Chicago,10.572
1849-06-01,Chicago,17.907
1849-07-01,Chicago,21.267
1849-08-01,Chicago,21.061
1849-09-01,Chicago,17.732
1849-10-01,Chicago,10.601
1849-11-01,Chicago,10.438
1849-12-01,Chicago,-1.7200000000000002
1850-01-01,Chicago,1.3810000000000002
1850-02-01,Chicago,0.914
1850-03-01,Chicago,1.666
1850-04-01,Chicago,3.4800000000000004
1850-05-01,Chicago,9.605
1850-06-01,Chicago,18.758
1850-07-01,Chicago,23.415
1850-08-01,Chicago,23.374
1850-09-01,Chicago,17.936
1850-10-01,Chicago,11.675
1850-11-01,Chicago,7.627999999999999
1850-12-01,Chicago,-1.161
1851-01-01,Chicago,1.5830000000000002
1851-02-01,Chicago,3.228
1851-03-01,Chicago,6.023
1851-04-01,Chicago,6.312
1851-05-01,Chicago,11.425999999999998
1851-06-01,Chicago,16.437
1851-07-01,Chicago,21.553
1851-08-01,Chicago,21.184
1851-09-01,Chicago,19.663
1851-10-01,Chicago,11.469
1851-11-01,Chicago,4.317
1851-12-01,Chicago,-1.168
1852-01-01,Chicago,-1.726
1852-02-01,Chicago,1.5930000000000002
1852-03-01,Chicago,2.501
1852-04-01,Chicago,4.4060000000000015
1852-05-01,Chicago,12.008
1852-06-01,Chicago,17.278
1852-07-01,Chicago,22.359
1852-08-01,Chicago,22.384
1852-09-01,Chicago,17.208
1852-10-01,Chicago,14.001
1852-11-01,Chicago,4.081999999999999
1852-12-01,Chicago,1.753
1853-01-01,Chicago,2.024
1853-02-01,Chicago,-0.428
1853-03-01,Chicago,3.034
1853-04-01,Chicago,7.294
1853-05-01,Chicago,10.918
1853-06-01,Chicago,18.712
1853-07-01,Chicago,20.504
1853-08-01,Chicago,22.672
1853-09-01,Chicago,18.947
1853-10-01,Chicago,10.118
1853-11-01,Chicago,7.311
1853-12-01,Chicago,1.354
1854-01-01,Chicago,-2.519
1854-02-01,Chicago,1.152
1854-03-01,Chicago,4.5440000000000005
1854-04-01,Chicago,7.343999999999999
1854-05-01,Chicago,11.983
1854-06-01,Chicago,18.253
1854-07-01,Chicago,23.832
1854-08-01,Chicago,23.883000000000006
1854-09-01,Chicago,20.833
1854-10-01,Chicago,14.563
1854-11-01,Chicago,6.282
1854-12-01,Chicago,1.381
1855-01-01,Chicago,0.5990000000000002
1855-02-01,Chicago,-4.263999999999999
1855-03-01,Chicago,1.233
1855-04-01,Chicago,9.458
1855-05-01,Chicago,12.723
1855-06-01,Chicago,16.279
1855-07-01,Chicago,21.951
1855-08-01,Chicago,21.644
1855-09-01,Chicago,19.742
1855-10-01,Chicago,10.102
1855-11-01,Chicago,7.250999999999999
1855-12-01,Chicago,-0.1569999999999998
1856-01-01,Chicago,-6.472
1856-02-01,Chicago,-4.101999999999999
1856-03-01,Chicago,-1.229
1856-04-01,Chicago,8.611
1856-05-01,Chicago,11.324000000000002
1856-06-01,Chicago,19.876
1856-07-01,Chicago,22.832
1856-08-01,Chicago,20.771
1856-09-01,Chicago,17.389
1856-10-01,Chicago,12.414
1856-11-01,Chicago,5.316999999999998
1856-12-01,Chicago,-2.8030000000000004
1857-01-01,Chicago,-7.568
1857-02-01,Chicago,2.2790000000000004
1857-03-01,Chicago,0.6200000000000001
1857-04-01,Chicago,1.5370000000000008
1857-05-01,Chicago,9.435
1857-06-01,Chicago,16.307000000000002
1857-07-01,Chicago,22.33
1857-08-01,Chicago,21.421
1857-09-01,Chicago,19.038
1857-10-01,Chicago,11.215
1857-11-01,Chicago,3.718
1857-12-01,Chicago,4.773
1858-01-01,Chicago,4.853999999999999
1858-02-01,Chicago,-3.394
1858-03-01,Chicago,4.6690000000000005
1858-04-01,Chicago,6.8870000000000005
1858-05-01,Chicago,10.263
1858-06-01,Chicago,19.513
1858-07-01,Chicago,22.376
1858-08-01,Chicago,22.39
1858-09-01,Chicago,18.705
1858-10-01,Chicago,12.909
1858-11-01,Chicago,4.797
1858-12-01,Chicago,2.367
1859-01-01,Chicago,0.5430000000000001
1859-02-01,Chicago,1.374
1859-03-01,Chicago,6.035
1859-04-01,Chicago,4.8660000000000005
1859-05-01,Chicago,12.989999999999998
1859-06-01,Chicago,15.495
1859-07-01,Chicago,22.206
1859-08-01,Chicago,22.145
1859-09-01,Chicago,17.123
1859-10-01,Chicago,10.278
1859-11-01,Chicago,7.507000000000001
1859-12-01,Chicago,-3.403
1860-01-01,Chicago,-0.2229999999999998
1860-02-01,Chicago,0.5850000000000001
1860-03-01,Chicago,6.017
1860-04-01,Chicago,6.5950000000000015
1860-05-01,Chicago,12.996
1860-06-01,Chicago,16.933
1860-07-01,Chicago,20.801
1860-08-01,Chicago,21.028
1860-09-01,Chicago,16.475
1860-10-01,Chicago,12.014
1860-11-01,Chicago,4.949999999999998
1860-12-01,Chicago,-1.1489999999999996
1861-01-01,Chicago,-1.652
1861-02-01,Chicago,1.497
1861-03-01,Chicago,2.051
1861-04-01,Chicago,7.29
1861-05-01,Chicago,8.878
1861-06-01,Chicago,17.032
1861-07-01,Chicago,19.761
1861-08-01,Chicago,21.571
1861-09-01,Chicago,17.439
1861-10-01,Chicago,12.115
1861-11-01,Chicago,5.723
1861-12-01,Chicago,3.771
1862-01-01,Chicago,-1.737
1862-02-01,Chicago,-2.7230000000000003
1862-03-01,Chicago,2.112
1862-04-01,Chicago,5.432
1862-05-01,Chicago,10.978
1862-06-01,Chicago,15.283
1862-07-01,Chicago,21.431
1862-08-01,Chicago,22.229
1862-09-01,Chicago,18.652
1862-10-01,Chicago,11.961
1862-11-01,Chicago,5.183999999999998
1862-12-01,Chicago,3.479
1863-01-01,Chicago,2.982
1863-02-01,Chicago,0.623
1863-03-01,Chicago,1.531
1863-04-01,Chicago,6.996
1863-05-01,Chicago,12.584
1863-06-01,Chicago,15.934
1863-07-01,Chicago,20.134
1863-08-01,Chicago,21.763
1863-09-01,Chicago,16.601
1863-10-01,Chicago,8.786999999999999
1863-11-01,Chicago,6.432
1863-12-01,Chicago,2.386
1864-01-01,Chicago,-2.074
1864-02-01,Chicago,0.933
1864-03-01,Chicago,1.826
1864-04-01,Chicago,5.3020000000000005
1864-05-01,Chicago,12.296
1864-06-01,Chicago,17.311
1864-07-01,Chicago,22.191
1864-08-01,Chicago,22.48
1864-09-01,Chicago,17.767
1864-10-01,Chicago,9.931
1864-11-01,Chicago,5.774
1864-12-01,Chicago,-1.525
1865-01-01,Chicago,-2.395
1865-02-01,Chicago,1.7180000000000002
1865-03-01,Chicago,3.193
1865-04-01,Chicago,6.745
1865-05-01,Chicago,11.387
1865-06-01,Chicago,18.341
1865-07-01,Chicago,18.786
1865-08-01,Chicago,20.922
1865-09-01,Chicago,22.056
1865-10-01,Chicago,11.208
1865-11-01,Chicago,7.519
1865-12-01,Chicago,-0.395
1866-01-01,Chicago,-1.605
1866-02-01,Chicago,-2.294
1866-03-01,Chicago,0.157
1866-04-01,Chicago,7.907
1866-05-01,Chicago,9.749
1866-06-01,Chicago,16.886
1866-07-01,Chicago,23.015
1866-08-01,Chicago,19.36
1866-09-01,Chicago,15.854
1866-10-01,Chicago,12.584
1866-11-01,Chicago,7.186999999999999
1866-12-01,Chicago,-0.23
1867-01-01,Chicago,-3.979
1867-02-01,Chicago,1.6
1867-03-01,Chicago,-1.1210000000000004
1867-04-01,Chicago,6.3340000000000005
1867-05-01,Chicago,7.329999999999999
1867-06-01,Chicago,18.992
1867-07-01,Chicago,21.169
1867-08-01,Chicago,22.776
1867-09-01,Chicago,18.662
1867-10-01,Chicago,13.03
1867-11-01,Chicago,7.992000000000001
1867-12-01,Chicago,0.391
1868-01-01,Chicago,-4.154
1868-02-01,Chicago,-2.466
1868-03-01,Chicago,5.164
1868-04-01,Chicago,4.351000000000001
1868-05-01,Chicago,10.928999999999998
1868-06-01,Chicago,16.926
1868-07-01,Chicago,25.071
1868-08-01,Chicago,20.985
1868-09-01,Chicago,15.595
1868-10-01,Chicago,9.627
1868-11-01,Chicago,6.260999999999999
1868-12-01,Chicago,-1.761
1869-01-01,Chicago,2.595
1869-02-01,Chicago,1.034
1869-03-01,Chicago,-0.782
1869-04-01,Chicago,5.346
1869-05-01,Chicago,9.934
1869-06-01,Chicago,15.14
1869-07-01,Chicago,20.324
1869-08-01,Chicago,21.956
1869-09-01,Chicago,17.902
1869-10-01,Chicago,7.212999999999999
1869-11-01,Chicago,3.241
1869-12-01,Chicago,0.897
1870-01-01,Chicago,-0.455
1870-02-01,Chicago,-0.568
1870-03-01,Chicago,0.7519999999999998
1870-04-01,Chicago,8.58
1870-05-01,Chicago,14.428999999999998
1870-06-01,Chicago,18.726
1870-07-01,Chicago,22.985
1870-08-01,Chicago,21.897
1870-09-01,Chicago,20.041
1870-10-01,Chicago,12.947
1870-11-01,Chicago,7.166
1870-12-01,Chicago,0.139
1871-01-01,Chicago,0.2330000000000001
1871-02-01,Chicago,0.508
1871-03-01,Chicago,5.164
1871-04-01,Chicago,8.539
1871-05-01,Chicago,12.821
1871-06-01,Chicago,17.422
1871-07-01,Chicago,21.282
1871-08-01,Chicago,22.583
1871-09-01,Chicago,16.634
1871-10-01,Chicago,13.591
1871-11-01,Chicago,3.3710000000000004
1871-12-01,Chicago,-3.265
1872-01-01,Chicago,-1.6669999999999998
1872-02-01,Chicago,-1.5659999999999998
1872-03-01,Chicago,-1.5949999999999998
1872-04-01,Chicago,7.409000000000002
1872-05-01,Chicago,10.837
1872-06-01,Chicago,18.327
1872-07-01,Chicago,22.21
1872-08-01,Chicago,23.235
1872-09-01,Chicago,18.921
1872-10-01,Chicago,11.173
1872-11-01,Chicago,2.281
1872-12-01,Chicago,-4.984
1873-01-01,Chicago,-4.321000000000001
1873-02-01,Chicago,-2.439
1873-03-01,Chicago,1.497
1873-04-01,Chicago,5.059
1873-05-01,Chicago,10.457
1873-06-01,Chicago,19.419
1873-07-01,Chicago,21.119
1873-08-01,Chicago,22.713
1873-09-01,Chicago,17.144000000000002
1873-10-01,Chicago,9.919
1873-11-01,Chicago,2.6889999999999987
1873-12-01,Chicago,2.827
1874-01-01,Chicago,0.4530000000000003
1874-02-01,Chicago,0.596
1874-03-01,Chicago,2.371
1874-04-01,Chicago,2.324
1874-05-01,Chicago,12.714
1874-06-01,Chicago,18.823
1874-07-01,Chicago,22.785
1874-08-01,Chicago,22.456
1874-09-01,Chicago,19.952
1874-10-01,Chicago,12.504
1874-11-01,Chicago,5.698
1874-12-01,Chicago,1.538
1875-01-01,Chicago,-6.6
1875-02-01,Chicago,-8.309
1875-03-01,Chicago,-0.2189999999999998
1875-04-01,Chicago,4.5630000000000015
1875-05-01,Chicago,11.261
1875-06-01,Chicago,16.109
1875-07-01,Chicago,20.765
1875-08-01,Chicago,20.662
1875-09-01,Chicago,16.948999999999998
1875-10-01,Chicago,9.85
1875-11-01,Chicago,4.042999999999998
1875-12-01,Chicago,4.484999999999999
1876-01-01,Chicago,2.8810000000000007
1876-02-01,Chicago,1.599
1876-03-01,Chicago,0.931
1876-04-01,Chicago,6.601
1876-05-01,Chicago,11.996
1876-06-01,Chicago,17.649
1876-07-01,Chicago,22.585
1876-08-01,Chicago,23.52
1876-09-01,Chicago,17.092
1876-10-01,Chicago,10.188
1876-11-01,Chicago,5.837000000000001
1876-12-01,Chicago,-4.638
1877-01-01,Chicago,-3.127
1877-02-01,Chicago,4.635
1877-03-01,Chicago,-0.981
1877-04-01,Chicago,6.865
1877-05-01,Chicago,11.989
1877-06-01,Chicago,16.811
1877-07-01,Chicago,21.96
1877-08-01,Chicago,22.626
1877-09-01,Chicago,19.789
1877-10-01,Chicago,13.513
1877-11-01,Chicago,6.039999999999999
1877-12-01,Chicago,8.025
1878-01-01,Chicago,2.0660000000000003
1878-02-01,Chicago,4.232
1878-03-01,Chicago,8.177999999999999
1878-04-01,Chicago,10.291
1878-05-01,Chicago,10.331
1878-06-01,Chicago,16.230999999999998
1878-07-01,Chicago,23.463
1878-08-01,Chicago,23.473000000000003
1878-09-01,Chicago,19.41
1878-10-01,Chicago,12.099
1878-11-01,Chicago,7.596
1878-12-01,Chicago,-1.5980000000000003
1879-01-01,Chicago,-2.141
1879-02-01,Chicago,-1.3150000000000002
1879-03-01,Chicago,3.984
1879-04-01,Chicago,6.7890000000000015
1879-05-01,Chicago,12.257
1879-06-01,Chicago,16.609
1879-07-01,Chicago,23.307
1879-08-01,Chicago,22.429
1879-09-01,Chicago,16.375
1879-10-01,Chicago,16.209
1879-11-01,Chicago,6.558
1879-12-01,Chicago,0.278
1880-01-01,Chicago,6.436
1880-02-01,Chicago,2.8830000000000005
1880-03-01,Chicago,3.009
1880-04-01,Chicago,7.317
1880-05-01,Chicago,15.162
1880-06-01,Chicago,18.513
1880-07-01,Chicago,21.664
1880-08-01,Chicago,22.785
1880-09-01,Chicago,17.792
1880-10-01,Chicago,11.158
1880-11-01,Chicago,1.2199999999999998
1880-12-01,Chicago,-2.385
1881-01-01,Chicago,-4.714
1881-02-01,Chicago,-2.023
1881-03-01,Chicago,0.9489999999999998
1881-04-01,Chicago,4.2810000000000015
1881-05-01,Chicago,14.939
1881-06-01,Chicago,15.901
1881-07-01,Chicago,22.708
1881-08-01,Chicago,24.157
1881-09-01,Chicago,21.568
1881-10-01,Chicago,13.734000000000002
1881-11-01,Chicago,6.242000000000001
1881-12-01,Chicago,5.306
1882-01-01,Chicago,0.5140000000000002
1882-02-01,Chicago,5.658
1882-03-01,Chicago,4.277
1882-04-01,Chicago,6.3900000000000015
1882-05-01,Chicago,8.625
1882-06-01,Chicago,16.13
1882-07-01,Chicago,19.959
1882-08-01,Chicago,22.312
1882-09-01,Chicago,18.821
1882-10-01,Chicago,14.699000000000002
1882-11-01,Chicago,7.209
1882-12-01,Chicago,-0.0649999999999999
1883-01-01,Chicago,-5.4510000000000005
1883-02-01,Chicago,-2.529
1883-03-01,Chicago,-0.0449999999999999
1883-04-01,Chicago,6.635
1883-05-01,Chicago,9.035
1883-06-01,Chicago,16.3
1883-07-01,Chicago,20.882
1883-08-01,Chicago,20.52
1883-09-01,Chicago,16.397000000000002
1883-10-01,Chicago,11.111
1883-11-01,Chicago,6.895
1883-12-01,Chicago,1.3030000000000002
1884-01-01,Chicago,-4.79
1884-02-01,Chicago,-0.75
1884-03-01,Chicago,1.533
1884-04-01,Chicago,5.946000000000001
1884-05-01,Chicago,11.363
1884-06-01,Chicago,17.632
1884-07-01,Chicago,20.104
1884-08-01,Chicago,20.928
1884-09-01,Chicago,20.932
1884-10-01,Chicago,14.113
1884-11-01,Chicago,5.51
1884-12-01,Chicago,-0.3569999999999997
1885-01-01,Chicago,-5.539
1885-02-01,Chicago,-7.356
1885-03-01,Chicago,-1.795
1885-04-01,Chicago,5.665
1885-05-01,Chicago,10.125
1885-06-01,Chicago,16.122
1885-07-01,Chicago,21.944000000000003
1885-08-01,Chicago,19.489
1885-09-01,Chicago,17.974
1885-10-01,Chicago,10.582
1885-11-01,Chicago,6.941999999999998
1885-12-01,Chicago,1.3630000000000002
1886-01-01,Chicago,-3.46
1886-02-01,Chicago,-0.99
1886-03-01,Chicago,2.202
1886-04-01,Chicago,8.397
1886-05-01,Chicago,11.892
1886-06-01,Chicago,16.735
1886-07-01,Chicago,21.502
1886-08-01,Chicago,22.373
1886-09-01,Chicago,18.606
1886-10-01,Chicago,13.849
1886-11-01,Chicago,4.624
1886-12-01,Chicago,-2.9
1887-01-01,Chicago,-4.492
1887-02-01,Chicago,-0.3989999999999999
1887-03-01,Chicago,0.8330000000000002
1887-04-01,Chicago,7.062
1887-05-01,Chicago,14.64
1887-06-01,Chicago,18.332
1887-07-01,Chicago,23.921
1887-08-01,Chicago,21.477
1887-09-01,Chicago,17.724
1887-10-01,Chicago,9.778
1887-11-01,Chicago,5.343999999999999
1887-12-01,Chicago,1.41
1888-01-01,Chicago,-5.747000000000001
1888-02-01,Chicago,-1.93
1888-03-01,Chicago,-0.4750000000000001
1888-04-01,Chicago,5.972
1888-05-01,Chicago,9.124
1888-06-01,Chicago,17.719
1888-07-01,Chicago,21.542
1888-08-01,Chicago,21.126
1888-09-01,Chicago,16.201
1888-10-01,Chicago,10.435
1888-11-01,Chicago,7.375999999999999
1888-12-01,Chicago,3.575
1889-01-01,Chicago,2.154
1889-02-01,Chicago,-3.602
1889-03-01,Chicago,4.902
1889-04-01,Chicago,7.4140000000000015
1889-05-01,Chicago,10.849
1889-06-01,Chicago,14.805
1889-07-01,Chicago,20.839
1889-08-01,Chicago,21.693
1889-09-01,Chicago,17.846
1889-10-01,Chicago,9.758
1889-11-01,Chicago,6.132000000000001
1889-12-01,Chicago,7.411
1890-01-01,Chicago,2.877
1890-02-01,Chicago,3.3830000000000005
1890-03-01,Chicago,-0.008
1890-04-01,Chicago,7.327000000000001
1890-05-01,Chicago,9.38
1890-06-01,Chicago,19.446
1890-07-01,Chicago,21.691
1890-08-01,Chicago,20.133000000000006
1890-09-01,Chicago,16.656
1890-10-01,Chicago,11.993
1890-11-01,Chicago,7.619
1890-12-01,Chicago,2.0340000000000003
1891-01-01,Chicago,2.27
1891-02-01,Chicago,1.42
1891-03-01,Chicago,0.7650000000000001
1891-04-01,Chicago,7.857
1891-05-01,Chicago,10.329999999999998
1891-06-01,Chicago,17.62
1891-07-01,Chicago,18.943
1891-08-01,Chicago,21.407
1891-09-01,Chicago,21.053
1891-10-01,Chicago,12.279000000000002
1891-11-01,Chicago,4.093999999999999
1891-12-01,Chicago,5.466
1892-01-01,Chicago,-2.974
1892-02-01,Chicago,2.228
1892-03-01,Chicago,1.324
1892-04-01,Chicago,5.957999999999999
1892-05-01,Chicago,9.601
1892-06-01,Chicago,17.098
1892-07-01,Chicago,21.542
1892-08-01,Chicago,21.993
1892-09-01,Chicago,18.388
1892-10-01,Chicago,12.629
1892-11-01,Chicago,3.963
1892-12-01,Chicago,-1.2110000000000003
1893-01-01,Chicago,-6.581
1893-02-01,Chicago,-3.112
1893-03-01,Chicago,1.941
1893-04-01,Chicago,6.178999999999999
1893-05-01,Chicago,9.789
1893-06-01,Chicago,18.612
1893-07-01,Chicago,22.361
1893-08-01,Chicago,21.375
1893-09-01,Chicago,18.446
1893-10-01,Chicago,12.772
1893-11-01,Chicago,4.946000000000001
1893-12-01,Chicago,0.1319999999999999
1894-01-01,Chicago,1.412
1894-02-01,Chicago,-1.831
1894-03-01,Chicago,6.472
1894-04-01,Chicago,8.212
1894-05-01,Chicago,11.223
1894-06-01,Chicago,19.34
1894-07-01,Chicago,22.573
1894-08-01,Chicago,22.112
1894-09-01,Chicago,19.85
1894-10-01,Chicago,12.379
1894-11-01,Chicago,3.981
1894-12-01,Chicago,3.769
1895-01-01,Chicago,-4.08
1895-02-01,Chicago,-5.14
1895-03-01,Chicago,1.231
1895-04-01,Chicago,8.326
1895-05-01,Chicago,12.404000000000002
1895-06-01,Chicago,19.009
1895-07-01,Chicago,20.66
1895-08-01,Chicago,22.796
1895-09-01,Chicago,20.804
1895-10-01,Chicago,9.063
1895-11-01,Chicago,4.837
1895-12-01,Chicago,1.958
1896-01-01,Chicago,0.4880000000000002
1896-02-01,Chicago,-0.102
1896-03-01,Chicago,0.4810000000000003
1896-04-01,Chicago,10.246
1896-05-01,Chicago,15.947
1896-06-01,Chicago,18.023
1896-07-01,Chicago,21.532
1896-08-01,Chicago,22.815
1896-09-01,Chicago,16.499000000000002
1896-10-01,Chicago,9.968
1896-11-01,Chicago,5.814
1896-12-01,Chicago,3.005
1897-01-01,Chicago,-1.192
1897-02-01,Chicago,1.238
1897-03-01,Chicago,2.345
1897-04-01,Chicago,6.565
1897-05-01,Chicago,10.31
1897-06-01,Chicago,16.292
1897-07-01,Chicago,23.099
1897-08-01,Chicago,20.589
1897-09-01,Chicago,20.937
1897-10-01,Chicago,14.99
1897-11-01,Chicago,5.724
1897-12-01,Chicago,-0.349
1898-01-01,Chicago,1.104
1898-02-01,Chicago,0.282
1898-03-01,Chicago,5.386
1898-04-01,Chicago,6.292999999999999
1898-05-01,Chicago,11.41
1898-06-01,Chicago,18.325
1898-07-01,Chicago,22.201
1898-08-01,Chicago,22.159
1898-09-01,Chicago,20.086
1898-10-01,Chicago,11.684
1898-11-01,Chicago,4.919
1898-12-01,Chicago,-0.914
1899-01-01,Chicago,-1.213
1899-02-01,Chicago,-4.805
1899-03-01,Chicago,-0.4589999999999996
1899-04-01,Chicago,9.102
1899-05-01,Chicago,12.492
1899-06-01,Chicago,18.366
1899-07-01,Chicago,21.489
1899-08-01,Chicago,23.479
1899-09-01,Chicago,17.581
1899-10-01,Chicago,15.05
1899-11-01,Chicago,9.056
1899-12-01,Chicago,1.263
1900-01-01,Chicago,1.905
1900-02-01,Chicago,-3.409
1900-03-01,Chicago,-0.282
1900-04-01,Chicago,8.347000000000001
1900-05-01,Chicago,13.055
1900-06-01,Chicago,16.976
1900-07-01,Chicago,21.291
1900-08-01,Chicago,25.207
1900-09-01,Chicago,19.884
1900-10-01,Chicago,16.647000000000002
1900-11-01,Chicago,5.738
1900-12-01,Chicago,2.208
1901-01-01,Chicago,0.0080000000000002
1901-02-01,Chicago,-4.953
1901-03-01,Chicago,2.167
1901-04-01,Chicago,7.3210000000000015
1901-05-01,Chicago,11.095999999999998
1901-06-01,Chicago,18.588
1901-07-01,Chicago,24.887
1901-08-01,Chicago,22.493
1901-09-01,Chicago,18.541
1901-10-01,Chicago,13.757
1901-11-01,Chicago,5.311999999999999
1901-12-01,Chicago,-0.7410000000000001
1902-01-01,Chicago,-0.179
1902-02-01,Chicago,-2.65
1902-03-01,Chicago,5.484
1902-04-01,Chicago,6.867999999999999
1902-05-01,Chicago,12.601
1902-06-01,Chicago,15.446
1902-07-01,Chicago,21.812
1902-08-01,Chicago,20.46
1902-09-01,Chicago,16.97
1902-10-01,Chicago,13.074000000000002
1902-11-01,Chicago,10.309
1902-12-01,Chicago,0.2570000000000001
1903-01-01,Chicago,-0.8829999999999999
1903-02-01,Chicago,-0.8370000000000001
1903-03-01,Chicago,6.6110000000000015
1903-04-01,Chicago,7.547999999999999
1903-05-01,Chicago,13.082999999999998
1903-06-01,Chicago,14.772
1903-07-01,Chicago,21.194000000000003
1903-08-01,Chicago,20.406
1903-09-01,Chicago,18.511
1903-10-01,Chicago,12.807
1903-11-01,Chicago,4.738
1903-12-01,Chicago,-3.108
1904-01-01,Chicago,-4.933
1904-02-01,Chicago,-6.234999999999999
1904-03-01,Chicago,2.325
1904-04-01,Chicago,4.146000000000001
1904-05-01,Chicago,11.604
1904-06-01,Chicago,16.497
1904-07-01,Chicago,20.79
1904-08-01,Chicago,20.232
1904-09-01,Chicago,18.466
1904-10-01,Chicago,12.588
1904-11-01,Chicago,7.776999999999999
1904-12-01,Chicago,-0.5590000000000002
1905-01-01,Chicago,-3.876
1905-02-01,Chicago,-5.307
1905-03-01,Chicago,4.622
1905-04-01,Chicago,6.621
1905-05-01,Chicago,10.845999999999998
1905-06-01,Chicago,16.811
1905-07-01,Chicago,20.585
1905-08-01,Chicago,22.573
1905-09-01,Chicago,19.651
1905-10-01,Chicago,12.102
1905-11-01,Chicago,5.94
1905-12-01,Chicago,2.467
1906-01-01,Chicago,3.241
1906-02-01,Chicago,-0.6459999999999999
1906-03-01,Chicago,-0.2349999999999999
1906-04-01,Chicago,8.236
1906-05-01,Chicago,11.781
1906-06-01,Chicago,17.047
1906-07-01,Chicago,21.061
1906-08-01,Chicago,24.127
1906-09-01,Chicago,21.146
1906-10-01,Chicago,12.167
1906-11-01,Chicago,6.659
1906-12-01,Chicago,2.17
1907-01-01,Chicago,-0.0699999999999998
1907-02-01,Chicago,-1.009
1907-03-01,Chicago,6.332000000000001
1907-04-01,Chicago,2.829
1907-05-01,Chicago,7.837999999999999
1907-06-01,Chicago,16.217
1907-07-01,Chicago,21.272
1907-08-01,Chicago,21.046
1907-09-01,Chicago,18.033
1907-10-01,Chicago,10.975
1907-11-01,Chicago,5.920999999999999
1907-12-01,Chicago,2.462
1908-01-01,Chicago,0.979
1908-02-01,Chicago,-1.032
1908-03-01,Chicago,4.48
1908-04-01,Chicago,7.327000000000001
1908-05-01,Chicago,11.947
1908-06-01,Chicago,17.105999999999998
1908-07-01,Chicago,21.942
1908-08-01,Chicago,21.936
1908-09-01,Chicago,21.314
1908-10-01,Chicago,13.174
1908-11-01,Chicago,7.3809999999999985
1908-12-01,Chicago,1.58
1909-01-01,Chicago,1.108
1909-02-01,Chicago,2.0050000000000003
1909-03-01,Chicago,2.62
1909-04-01,Chicago,5.228
1909-05-01,Chicago,10.345
1909-06-01,Chicago,16.917
1909-07-01,Chicago,20.894
1909-08-01,Chicago,23.36
1909-09-01,Chicago,17.753
1909-10-01,Chicago,10.4
1909-11-01,Chicago,10.345999999999998
1909-12-01,Chicago,-2.329
1910-01-01,Chicago,-1.069
1910-02-01,Chicago,-2.008
1910-03-01,Chicago,9.045
1910-04-01,Chicago,8.743
1910-05-01,Chicago,8.782
1910-06-01,Chicago,17.229
1910-07-01,Chicago,23.023000000000003
1910-08-01,Chicago,22.502
1910-09-01,Chicago,18.11
1910-10-01,Chicago,14.554
1910-11-01,Chicago,4.16
1910-12-01,Chicago,-0.7119999999999997
1911-01-01,Chicago,0.633
1911-02-01,Chicago,2.2590000000000003
1911-03-01,Chicago,3.992
1911-04-01,Chicago,5.941000000000002
1911-05-01,Chicago,14.886
1911-06-01,Chicago,19.439
1911-07-01,Chicago,22.667
1911-08-01,Chicago,21.865
1911-09-01,Chicago,19.077
1911-10-01,Chicago,11.827
1911-11-01,Chicago,3.98
1911-12-01,Chicago,3.853
1912-01-01,Chicago,-8.59
1912-02-01,Chicago,-3.942
1912-03-01,Chicago,-1.97
1912-04-01,Chicago,7.532
1912-05-01,Chicago,12.082
1912-06-01,Chicago,15.954
1912-07-01,Chicago,21.209
1912-08-01,Chicago,20.953000000000003
1912-09-01,Chicago,19.624
1912-10-01,Chicago,13.24
1912-11-01,Chicago,7.556999999999999
1912-12-01,Chicago,3.795
1913-01-01,Chicago,1.2310000000000003
1913-02-01,Chicago,-2.108
1913-03-01,Chicago,2.219
1913-04-01,Chicago,7.877000000000002
1913-05-01,Chicago,11.082999999999998
1913-06-01,Chicago,18.383
1913-07-01,Chicago,21.992
1913-08-01,Chicago,23.11
1913-09-01,Chicago,18.703
1913-10-01,Chicago,12.475
1913-11-01,Chicago,9.54
1913-12-01,Chicago,5.42
1914-01-01,Chicago,2.9630000000000005
1914-02-01,Chicago,-5.1080000000000005
1914-03-01,Chicago,2.4330000000000003
1914-04-01,Chicago,6.87
1914-05-01,Chicago,12.813
1914-06-01,Chicago,17.422
1914-07-01,Chicago,22.481
1914-08-01,Chicago,22.648000000000003
1914-09-01,Chicago,18.801
1914-10-01,Chicago,15.183
1914-11-01,Chicago,7.56
1914-12-01,Chicago,-1.656
1915-01-01,Chicago,-1.929
1915-02-01,Chicago,3.492
1915-03-01,Chicago,1.829
1915-04-01,Chicago,10.996
1915-05-01,Chicago,9.057
1915-06-01,Chicago,14.799
1915-07-01,Chicago,19.788
1915-08-01,Chicago,19.239
1915-09-01,Chicago,19.605
1915-10-01,Chicago,13.573
1915-11-01,Chicago,8.302
1915-12-01,Chicago,0.983
1916-01-01,Chicago,1.6989999999999998
1916-02-01,Chicago,-2.286
1916-03-01,Chicago,1.08
1916-04-01,Chicago,6.94
1916-05-01,Chicago,11.486
1916-06-01,Chicago,14.3
1916-07-01,Chicago,24.936
1916-08-01,Chicago,23.889
1916-09-01,Chicago,17.808
1916-10-01,Chicago,12.303
1916-11-01,Chicago,7.08
1916-12-01,Chicago,-1.205
1917-01-01,Chicago,-1.882
1917-02-01,Chicago,-4.763999999999999
1917-03-01,Chicago,3.5210000000000004
1917-04-01,Chicago,5.33
1917-05-01,Chicago,8.126999999999999
1917-06-01,Chicago,14.688
1917-07-01,Chicago,21.263
1917-08-01,Chicago,21.052
1917-09-01,Chicago,17.37
1917-10-01,Chicago,7.93
1917-11-01,Chicago,6.872999999999998
1917-12-01,Chicago,-2.8360000000000003
1918-01-01,Chicago,-7.596
1918-02-01,Chicago,-0.965
1918-03-01,Chicago,5.939
1918-04-01,Chicago,5.26
1918-05-01,Chicago,13.529000000000002
1918-06-01,Chicago,16.619
1918-07-01,Chicago,20.468
1918-08-01,Chicago,24.374
1918-09-01,Chicago,15.536
1918-10-01,Chicago,14.300999999999998
1918-11-01,Chicago,8.086
1918-12-01,Chicago,5.195
1919-01-01,Chicago,2.2
1919-02-01,Chicago,1.6749999999999998
1919-03-01,Chicago,4.187
1919-04-01,Chicago,7.1400000000000015
1919-05-01,Chicago,10.18
1919-06-01,Chicago,20.22
1919-07-01,Chicago,23.442
1919-08-01,Chicago,22.222
1919-09-01,Chicago,20.236
1919-10-01,Chicago,13.9
1919-11-01,Chicago,5.645
1919-12-01,Chicago,-3.3800000000000003
1920-01-01,Chicago,-4.782
1920-02-01,Chicago,-1.915
1920-03-01,Chicago,4.212
1920-04-01,Chicago,4.1930000000000005
1920-05-01,Chicago,10.284
1920-06-01,Chicago,17.86
1920-07-01,Chicago,20.218
1920-08-01,Chicago,21.397
1920-09-01,Chicago,20.767
1920-10-01,Chicago,16.387
1920-11-01,Chicago,6.26
1920-12-01,Chicago,3.045
1921-01-01,Chicago,2.9120000000000004
1921-02-01,Chicago,2.8430000000000004
1921-03-01,Chicago,7.459
1921-04-01,Chicago,10.155
1921-05-01,Chicago,13.419
1921-06-01,Chicago,20.412
1921-07-01,Chicago,25.554
1921-08-01,Chicago,22.5
1921-09-01,Chicago,21.167
1921-10-01,Chicago,13.035
1921-11-01,Chicago,5.557
1921-12-01,Chicago,2.31
1922-01-01,Chicago,-1.3159999999999998
1922-02-01,Chicago,0.4720000000000001
1922-03-01,Chicago,4.482
1922-04-01,Chicago,7.29
1922-05-01,Chicago,14.41
1922-06-01,Chicago,18.128
1922-07-01,Chicago,20.981
1922-08-01,Chicago,22.628
1922-09-01,Chicago,20.234
1922-10-01,Chicago,14.13
1922-11-01,Chicago,8.655999999999999
1922-12-01,Chicago,0.964
1923-01-01,Chicago,1.2960000000000005
1923-02-01,Chicago,-3.247
1923-03-01,Chicago,0.3560000000000003
1923-04-01,Chicago,6.025
1923-05-01,Chicago,10.387
1923-06-01,Chicago,19.013
1923-07-01,Chicago,22.17
1923-08-01,Chicago,21.28
1923-09-01,Chicago,18.645
1923-10-01,Chicago,11.584
1923-11-01,Chicago,7.677
1923-12-01,Chicago,6.303000000000001
1924-01-01,Chicago,-3.79
1924-02-01,Chicago,-0.1669999999999999
1924-03-01,Chicago,1.724
1924-04-01,Chicago,6.8020000000000005
1924-05-01,Chicago,8.332999999999998
1924-06-01,Chicago,15.499
1924-07-01,Chicago,19.85
1924-08-01,Chicago,21.19400000000001
1924-09-01,Chicago,15.99
1924-10-01,Chicago,15.122
1924-11-01,Chicago,6.936999999999999
1924-12-01,Chicago,-2.312
1925-01-01,Chicago,-1.501
1925-02-01,Chicago,2.024
1925-03-01,Chicago,4.513
1925-04-01,Chicago,9.596
1925-05-01,Chicago,9.442
1925-06-01,Chicago,18.531
1925-07-01,Chicago,21.224
1925-08-01,Chicago,22.456
1925-09-01,Chicago,21.04
1925-10-01,Chicago,7.585
1925-11-01,Chicago,5.289
1925-12-01,Chicago,-0.9819999999999998
1926-01-01,Chicago,0.0650000000000001
1926-02-01,Chicago,1.4
1926-03-01,Chicago,-0.4130000000000002
1926-04-01,Chicago,3.989
1926-05-01,Chicago,11.841
1926-06-01,Chicago,14.686
1926-07-01,Chicago,21.365
1926-08-01,Chicago,22.665
1926-09-01,Chicago,18.193
1926-10-01,Chicago,11.63
1926-11-01,Chicago,4.686999999999999
1926-12-01,Chicago,-0.6579999999999999
1927-01-01,Chicago,-1.0339999999999998
1927-02-01,Chicago,3.594
1927-03-01,Chicago,5.971
1927-04-01,Chicago,7.056
1927-05-01,Chicago,10.371
1927-06-01,Chicago,15.408
1927-07-01,Chicago,20.993
1927-08-01,Chicago,19.59
1927-09-01,Chicago,20.857
1927-10-01,Chicago,14.765
1927-11-01,Chicago,8.295
1927-12-01,Chicago,0.669
1928-01-01,Chicago,0.415
1928-02-01,Chicago,1.504
1928-03-01,Chicago,3.302
1928-04-01,Chicago,5.062
1928-05-01,Chicago,11.618
1928-06-01,Chicago,14.454
1928-07-01,Chicago,21.778
1928-08-01,Chicago,22.678
1928-09-01,Chicago,16.886
1928-10-01,Chicago,13.897
1928-11-01,Chicago,7.691
1928-12-01,Chicago,3.18
1929-01-01,Chicago,-4.742
1929-02-01,Chicago,-3.429
1929-03-01,Chicago,6.337999999999999
1929-04-01,Chicago,8.446
1929-05-01,Chicago,10.085
1929-06-01,Chicago,15.532
1929-07-01,Chicago,21.969
1929-08-01,Chicago,21.264
1929-09-01,Chicago,18.668
1929-10-01,Chicago,11.839
1929-11-01,Chicago,4.574
1929-12-01,Chicago,0.8640000000000001
1930-01-01,Chicago,-3.133
1930-02-01,Chicago,4.633
1930-03-01,Chicago,3.137
1930-04-01,Chicago,7.655
1930-05-01,Chicago,12.377
1930-06-01,Chicago,17.831
1930-07-01,Chicago,22.486
1930-08-01,Chicago,23.228
1930-09-01,Chicago,19.914
1930-10-01,Chicago,11.836
1930-11-01,Chicago,7.992000000000001
1930-12-01,Chicago,1.485
1931-01-01,Chicago,2.837
1931-02-01,Chicago,4.4830000000000005
1931-03-01,Chicago,2.739
1931-04-01,Chicago,7.859
1931-05-01,Chicago,10.104
1931-06-01,Chicago,19.343
1931-07-01,Chicago,23.866
1931-08-01,Chicago,23.06
1931-09-01,Chicago,22.158
1931-10-01,Chicago,15.086
1931-11-01,Chicago,11.278
1931-12-01,Chicago,5.8740000000000006
1932-01-01,Chicago,4.5120000000000005
1932-02-01,Chicago,3.495
1932-03-01,Chicago,-0.3500000000000001
1932-04-01,Chicago,6.335
1932-05-01,Chicago,12.069
1932-06-01,Chicago,18.803
1932-07-01,Chicago,22.503
1932-08-01,Chicago,23.122
1932-09-01,Chicago,18.294
1932-10-01,Chicago,12.418
1932-11-01,Chicago,4.869
1932-12-01,Chicago,1.194
1933-01-01,Chicago,5.276
1933-02-01,Chicago,-0.701
1933-03-01,Chicago,2.877
1933-04-01,Chicago,6.9830000000000005
1933-05-01,Chicago,12.302
1933-06-01,Chicago,21.275
1933-07-01,Chicago,23.008000000000003
1933-08-01,Chicago,21.727
1933-09-01,Chicago,21.325
1933-10-01,Chicago,11.923
1933-11-01,Chicago,5.252999999999999
1933-12-01,Chicago,1.784
1934-01-01,Chicago,3.269
1934-02-01,Chicago,-3.059
1934-03-01,Chicago,0.963
1934-04-01,Chicago,6.7810000000000015
1934-05-01,Chicago,14.684
1934-06-01,Chicago,20.334
1934-07-01,Chicago,23.913
1934-08-01,Chicago,22.25
1934-09-01,Chicago,18.574
1934-10-01,Chicago,13.73
1934-11-01,Chicago,9.309
1934-12-01,Chicago,-0.26
1935-01-01,Chicago,-0.7020000000000001
1935-02-01,Chicago,0.62
1935-03-01,Chicago,5.737
1935-04-01,Chicago,5.837000000000001
1935-05-01,Chicago,8.492999999999999
1935-06-01,Chicago,15.541
1935-07-01,Chicago,23.969
1935-08-01,Chicago,23.239
1935-09-01,Chicago,18.71
1935-10-01,Chicago,12.848
1935-11-01,Chicago,6.31
1935-12-01,Chicago,-0.496
1936-01-01,Chicago,-3.635
1936-02-01,Chicago,-6.916
1936-03-01,Chicago,4.664
1936-04-01,Chicago,4.684
1936-05-01,Chicago,14.21
1936-06-01,Chicago,16.027
1936-07-01,Chicago,24.183000000000003
1936-08-01,Chicago,24.213
1936-09-01,Chicago,20.241
1936-10-01,Chicago,12.072
1936-11-01,Chicago,5.023999999999999
1936-12-01,Chicago,3.516
1937-01-01,Chicago,0.613
1937-02-01,Chicago,0.019
1937-03-01,Chicago,1.425
1937-04-01,Chicago,6.4540000000000015
1937-05-01,Chicago,11.983
1937-06-01,Chicago,16.816
1937-07-01,Chicago,22.6
1937-08-01,Chicago,24.702
1937-09-01,Chicago,18.765
1937-10-01,Chicago,11.242
1937-11-01,Chicago,5.438
1937-12-01,Chicago,-0.1319999999999999
1938-01-01,Chicago,-0.6209999999999999
1938-02-01,Chicago,3.2660000000000005
1938-03-01,Chicago,7.494
1938-04-01,Chicago,8.046000000000001
1938-05-01,Chicago,11.752
1938-06-01,Chicago,16.944000000000003
1938-07-01,Chicago,22.085
1938-08-01,Chicago,23.966
1938-09-01,Chicago,18.445
1938-10-01,Chicago,15.008
1938-11-01,Chicago,8.397
1938-12-01,Chicago,1.982
1939-01-01,Chicago,2.5410000000000004
1939-02-01,Chicago,-0.307
1939-03-01,Chicago,3.694
1939-04-01,Chicago,5.601
1939-05-01,Chicago,13.444
1939-06-01,Chicago,19.008
1939-07-01,Chicago,22.419
1939-08-01,Chicago,22.901
1939-09-01,Chicago,21.187
1939-10-01,Chicago,13.648
1939-11-01,Chicago,7.191
1939-12-01,Chicago,4.863
1940-01-01,Chicago,-4.463
1940-02-01,Chicago,0.846
1940-03-01,Chicago,0.4539999999999997
1940-04-01,Chicago,5.564
1940-05-01,Chicago,9.87
1940-06-01,Chicago,17.447
1940-07-01,Chicago,22.422
1940-08-01,Chicago,22.363000000000003
1940-09-01,Chicago,18.531
1940-10-01,Chicago,14.164
1940-11-01,Chicago,5.627000000000001
1940-12-01,Chicago,3.2710000000000004
1941-01-01,Chicago,1.1800000000000002
1941-02-01,Chicago,-0.967
1941-03-01,Chicago,0.9049999999999998
1941-04-01,Chicago,10.26
1941-05-01,Chicago,13.663
1941-06-01,Chicago,18.223
1941-07-01,Chicago,22.403
1941-08-01,Chicago,22.873
1941-09-01,Chicago,20.638
1941-10-01,Chicago,13.958
1941-11-01,Chicago,8.437999999999999
1941-12-01,Chicago,5.362
1942-01-01,Chicago,-0.302
1942-02-01,Chicago,-0.989
1942-03-01,Chicago,5.1530000000000005
1942-04-01,Chicago,10.051
1942-05-01,Chicago,12.029000000000002
1942-06-01,Chicago,17.671
1942-07-01,Chicago,22.121
1942-08-01,Chicago,22.233
1942-09-01,Chicago,17.59
1942-10-01,Chicago,12.890999999999998
1942-11-01,Chicago,7.449
1942-12-01,Chicago,-0.957
1943-01-01,Chicago,-1.786
1943-02-01,Chicago,0.499
1943-03-01,Chicago,1.216
1943-04-01,Chicago,5.727
1943-05-01,Chicago,10.355
1943-06-01,Chicago,19.215
1943-07-01,Chicago,22.461
1943-08-01,Chicago,23.323
1943-09-01,Chicago,16.875999999999998
1943-10-01,Chicago,12.353
1943-11-01,Chicago,5.08
1943-12-01,Chicago,1.265
1944-01-01,Chicago,3.3460000000000005
1944-02-01,Chicago,1.268
1944-03-01,Chicago,1.22
1944-04-01,Chicago,5.339
1944-05-01,Chicago,14.072
1944-06-01,Chicago,19.413
1944-07-01,Chicago,21.808000000000003
1944-08-01,Chicago,23.521
1944-09-01,Chicago,19.589
1944-10-01,Chicago,12.63
1944-11-01,Chicago,8.706999999999999
1944-12-01,Chicago,-1.0860000000000003
1945-01-01,Chicago,-2.819
1945-02-01,Chicago,0.8059999999999999
1945-03-01,Chicago,10.128
1945-04-01,Chicago,8.259
1945-05-01,Chicago,8.870999999999997
1945-06-01,Chicago,15.209
1945-07-01,Chicago,20.609
1945-08-01,Chicago,22.19400000000001
1945-09-01,Chicago,18.536
1945-10-01,Chicago,11.839
1945-11-01,Chicago,7.385
1945-12-01,Chicago,-1.452
1946-01-01,Chicago,1.0550000000000002
1946-02-01,Chicago,0.7020000000000001
1946-03-01,Chicago,9.066
1946-04-01,Chicago,8.626000000000001
1946-05-01,Chicago,10.54
1946-06-01,Chicago,17.018
1946-07-01,Chicago,22.166
1946-08-01,Chicago,21.049
1946-09-01,Chicago,19.249
1946-10-01,Chicago,15.528
1946-11-01,Chicago,8.395
1946-12-01,Chicago,3.417
1947-01-01,Chicago,1.818
1947-02-01,Chicago,-2.649
1947-03-01,Chicago,1.082
1947-04-01,Chicago,6.45
1947-05-01,Chicago,8.802
1947-06-01,Chicago,15.777
1947-07-01,Chicago,20.717
1947-08-01,Chicago,26.372
1947-09-01,Chicago,20.102
1947-10-01,Chicago,17.724
1947-11-01,Chicago,4.372
1947-12-01,Chicago,2.104
1948-01-01,Chicago,-3.529
1948-02-01,Chicago,-0.513
1948-03-01,Chicago,2.96
1948-04-01,Chicago,9.737
1948-05-01,Chicago,9.71
1948-06-01,Chicago,16.583
1948-07-01,Chicago,22.52
1948-08-01,Chicago,23.124
1948-09-01,Chicago,20.659
1948-10-01,Chicago,12.035
1948-11-01,Chicago,9.12
1948-12-01,Chicago,2.478
1949-01-01,Chicago,1.861
1949-02-01,Chicago,0.8029999999999999
1949-03-01,Chicago,3.703
1949-04-01,Chicago,6.892
1949-05-01,Chicago,12.503
1949-06-01,Chicago,19.632
1949-07-01,Chicago,23.725
1949-08-01,Chicago,23.244
1949-09-01,Chicago,16.453
1949-10-01,Chicago,15.104
1949-11-01,Chicago,7.050999999999998
1949-12-01,Chicago,3.2380000000000004
1950-01-01,Chicago,2.5010000000000003
1950-02-01,Chicago,0.008
1950-03-01,Chicago,0.983
1950-04-01,Chicago,3.874
1950-05-01,Chicago,11.718
1950-06-01,Chicago,17.235
1950-07-01,Chicago,20.247
1950-08-01,Chicago,20.643
1950-09-01,Chicago,18.09
1950-10-01,Chicago,15.481
1950-11-01,Chicago,4.635
1950-12-01,Chicago,-2.315
1951-01-01,Chicago,-0.928
1951-02-01,Chicago,0.262
1951-03-01,Chicago,2.721
1951-04-01,Chicago,6.1880000000000015
1951-05-01,Chicago,12.986
1951-06-01,Chicago,15.905
1951-07-01,Chicago,20.9
1951-08-01,Chicago,20.649
1951-09-01,Chicago,17.366
1951-10-01,Chicago,13.664
1951-11-01,Chicago,2.7589999999999995
1951-12-01,Chicago,0.562
1952-01-01,Chicago,0.991
1952-02-01,Chicago,2.645
1952-03-01,Chicago,2.097
1952-04-01,Chicago,8.514000000000001
1952-05-01,Chicago,11.037999999999998
1952-06-01,Chicago,19.318
1952-07-01,Chicago,23.155
1952-08-01,Chicago,22.038
1952-09-01,Chicago,19.101
1952-10-01,Chicago,10.178
1952-11-01,Chicago,8.276
1952-12-01,Chicago,3.599
1953-01-01,Chicago,2.128
1953-02-01,Chicago,2.643
1953-03-01,Chicago,4.507
1953-04-01,Chicago,5.806
1953-05-01,Chicago,12.382
1953-06-01,Chicago,19.145
1953-07-01,Chicago,22.665
1953-08-01,Chicago,23.379
1953-09-01,Chicago,19.363
1953-10-01,Chicago,15.375
1953-11-01,Chicago,9.155
1953-12-01,Chicago,3.4610000000000003
1954-01-01,Chicago,0.3819999999999999
1954-02-01,Chicago,5.229
1954-03-01,Chicago,2.399
1954-04-01,Chicago,9.31
1954-05-01,Chicago,9.493
1954-06-01,Chicago,19.439
1954-07-01,Chicago,21.756
1954-08-01,Chicago,21.799
1954-09-01,Chicago,19.896
1954-10-01,Chicago,13.267
1954-11-01,Chicago,7.874
1954-12-01,Chicago,2.417
1955-01-01,Chicago,-0.3059999999999998
1955-02-01,Chicago,0.4300000000000001
1955-03-01,Chicago,3.179
1955-04-01,Chicago,10.958
1955-05-01,Chicago,13.103
1955-06-01,Chicago,16.602999999999998
1955-07-01,Chicago,24.831
1955-08-01,Chicago,25.256
1955-09-01,Chicago,19.382
1955-10-01,Chicago,14.059
1955-11-01,Chicago,4.824
1955-12-01,Chicago,-0.1759999999999999
1956-01-01,Chicago,0.971
1956-02-01,Chicago,0.6859999999999999
1956-03-01,Chicago,2.1590000000000003
1956-04-01,Chicago,6.327000000000001
1956-05-01,Chicago,11.279000000000002
1956-06-01,Chicago,19.106
1956-07-01,Chicago,20.738000000000003
1956-08-01,Chicago,22.564
1956-09-01,Chicago,17.954
1956-10-01,Chicago,15.932
1956-11-01,Chicago,7.282
1956-12-01,Chicago,3.591
1957-01-01,Chicago,-3.144
1957-02-01,Chicago,2.7660000000000005
1957-03-01,Chicago,3.717
1957-04-01,Chicago,7.701
1957-05-01,Chicago,10.986
1957-06-01,Chicago,17.77
1957-07-01,Chicago,22.346
1957-08-01,Chicago,22.264
1957-09-01,Chicago,17.804000000000002
1957-10-01,Chicago,11.666
1957-11-01,Chicago,6.988
1957-12-01,Chicago,4.172
1958-01-01,Chicago,0.1959999999999999
1958-02-01,Chicago,-2.954
1958-03-01,Chicago,3.487
1958-04-01,Chicago,8.113999999999999
1958-05-01,Chicago,12.079
1958-06-01,Chicago,14.681
1958-07-01,Chicago,21.01
1958-08-01,Chicago,22.761
1958-09-01,Chicago,19.009
1958-10-01,Chicago,14.493
1958-11-01,Chicago,8.201
1958-12-01,Chicago,-2.264
1959-01-01,Chicago,-3.827
1959-02-01,Chicago,-1.334
1959-03-01,Chicago,2.676
1959-04-01,Chicago,7.266
1959-05-01,Chicago,14.703
1959-06-01,Chicago,18.617
1959-07-01,Chicago,21.615
1959-08-01,Chicago,25.149
1959-09-01,Chicago,20.385
1959-10-01,Chicago,11.648
1959-11-01,Chicago,3.3280000000000003
1959-12-01,Chicago,4.946000000000001
1960-01-01,Chicago,1.402
1960-02-01,Chicago,-0.008
1960-03-01,Chicago,-2.318
1960-04-01,Chicago,9.149
1960-05-01,Chicago,10.803
1960-06-01,Chicago,16.312
1960-07-01,Chicago,20.918000000000003
1960-08-01,Chicago,22.966
1960-09-01,Chicago,20.641
1960-10-01,Chicago,13.119000000000002
1960-11-01,Chicago,8.418
1960-12-01,Chicago,-0.048
1961-01-01,Chicago,-1.103
1961-02-01,Chicago,3.367
1961-03-01,Chicago,5.223
1961-04-01,Chicago,5.141
1961-05-01,Chicago,10.005
1961-06-01,Chicago,17.43
1961-07-01,Chicago,21.61
1961-08-01,Chicago,22.783
1961-09-01,Chicago,20.715
1961-10-01,Chicago,13.893
1961-11-01,Chicago,7.306999999999999
1961-12-01,Chicago,0.53
1962-01-01,Chicago,-3.386
1962-02-01,Chicago,-1.24
1962-03-01,Chicago,2.325
1962-04-01,Chicago,7.366
1962-05-01,Chicago,14.959
1962-06-01,Chicago,17.736
1962-07-01,Chicago,20.201
1962-08-01,Chicago,22.724
1962-09-01,Chicago,17.498
1962-10-01,Chicago,14.441
1962-11-01,Chicago,7.455
1962-12-01,Chicago,-0.1599999999999999
1963-01-01,Chicago,-6.042000000000001
1963-02-01,Chicago,-3.992
1963-03-01,Chicago,4.709
1963-04-01,Chicago,8.663
1963-05-01,Chicago,10.845999999999998
1963-06-01,Chicago,18.527
1963-07-01,Chicago,22.119
1963-08-01,Chicago,21.126
1963-09-01,Chicago,18.525
1963-10-01,Chicago,17.738
1963-11-01,Chicago,9.777
1963-12-01,Chicago,-3.26
1964-01-01,Chicago,2.563
1964-02-01,Chicago,1.218
1964-03-01,Chicago,3.307
1964-04-01,Chicago,8.280000000000001
1964-05-01,Chicago,14.68
1964-06-01,Chicago,18.488
1964-07-01,Chicago,22.594
1964-08-01,Chicago,21.431
1964-09-01,Chicago,18.701
1964-10-01,Chicago,11.603
1964-11-01,Chicago,9.196
1964-12-01,Chicago,0.6290000000000001
1965-01-01,Chicago,-0.6959999999999998
1965-02-01,Chicago,-0.517
1965-03-01,Chicago,-0.3930000000000001
1965-04-01,Chicago,6.292000000000001
1965-05-01,Chicago,14.316
1965-06-01,Chicago,17.023
1965-07-01,Chicago,21.091
1965-08-01,Chicago,21.425
1965-09-01,Chicago,18.814
1965-10-01,Chicago,13.175999999999998
1965-11-01,Chicago,8.016
1965-12-01,Chicago,5.494
1966-01-01,Chicago,-3.49
1966-02-01,Chicago,0.334
1966-03-01,Chicago,5.178999999999999
1966-04-01,Chicago,5.99
1966-05-01,Chicago,9.0
1966-06-01,Chicago,18.379
1966-07-01,Chicago,23.444000000000003
1966-08-01,Chicago,21.703000000000003
1966-09-01,Chicago,18.135
1966-10-01,Chicago,12.477
1966-11-01,Chicago,7.914
1966-12-01,Chicago,1.514
1967-01-01,Chicago,1.6880000000000002
1967-02-01,Chicago,-2.474
1967-03-01,Chicago,3.728
1967-04-01,Chicago,7.88
1967-05-01,Chicago,9.228
1967-06-01,Chicago,18.596
1967-07-01,Chicago,20.416
1967-08-01,Chicago,20.215
1967-09-01,Chicago,17.904
1967-10-01,Chicago,12.630999999999998
1967-11-01,Chicago,5.406000000000001
1967-12-01,Chicago,2.919
1968-01-01,Chicago,-0.7
1968-02-01,Chicago,-1.5750000000000002
1968-03-01,Chicago,6.693
1968-04-01,Chicago,8.964
1968-05-01,Chicago,10.395
1968-06-01,Chicago,17.908
1968-07-01,Chicago,21.437
1968-08-01,Chicago,23.094
1968-09-01,Chicago,19.301
1968-10-01,Chicago,13.919
1968-11-01,Chicago,7.377000000000001
1968-12-01,Chicago,1.135
1969-01-01,Chicago,-1.7939999999999998
1969-02-01,Chicago,1.275
1969-03-01,Chicago,1.905
1969-04-01,Chicago,8.224
1969-05-01,Chicago,12.057
1969-06-01,Chicago,14.949000000000002
1969-07-01,Chicago,21.642
1969-08-01,Chicago,23.576
1969-09-01,Chicago,19.069000000000003
1969-10-01,Chicago,12.189
1969-11-01,Chicago,5.9270000000000005
1969-12-01,Chicago,1.382
1970-01-01,Chicago,-4.081
1970-02-01,Chicago,-0.439
1970-03-01,Chicago,1.831
1970-04-01,Chicago,8.209
1970-05-01,Chicago,13.154000000000002
1970-06-01,Chicago,17.861
1970-07-01,Chicago,22.621
1970-08-01,Chicago,23.02
1970-09-01,Chicago,19.1
1970-10-01,Chicago,14.136
1970-11-01,Chicago,6.853999999999999
1970-12-01,Chicago,1.857
1971-01-01,Chicago,-3.572
1971-02-01,Chicago,-0.156
1971-03-01,Chicago,1.7
1971-04-01,Chicago,6.876
1971-05-01,Chicago,10.701
1971-06-01,Chicago,19.812
1971-07-01,Chicago,20.732
1971-08-01,Chicago,21.488000000000003
1971-09-01,Chicago,20.758000000000003
1971-10-01,Chicago,16.922
1971-11-01,Chicago,7.298999999999999
1971-12-01,Chicago,4.385
1972-01-01,Chicago,-2.1
1972-02-01,Chicago,-1.195
1972-03-01,Chicago,1.766
1972-04-01,Chicago,5.582999999999999
1972-05-01,Chicago,13.037
1972-06-01,Chicago,15.69
1972-07-01,Chicago,21.218000000000004
1972-08-01,Chicago,22.307
1972-09-01,Chicago,18.792
1972-10-01,Chicago,11.119000000000002
1972-11-01,Chicago,6.149
1972-12-01,Chicago,0.302
1973-01-01,Chicago,2.0
1973-02-01,Chicago,1.082
1973-03-01,Chicago,8.026
1973-04-01,Chicago,7.437
1973-05-01,Chicago,10.216
1973-06-01,Chicago,19.267
1973-07-01,Chicago,22.554
1973-08-01,Chicago,23.776
1973-09-01,Chicago,19.542
1973-10-01,Chicago,15.678
1973-11-01,Chicago,7.8039999999999985
1973-12-01,Chicago,1.247
1974-01-01,Chicago,0.1390000000000002
1974-02-01,Chicago,-0.507
1974-03-01,Chicago,4.118
1974-04-01,Chicago,8.780000000000001
1974-05-01,Chicago,10.3
1974-06-01,Chicago,16.2
1974-07-01,Chicago,22.689
1974-08-01,Chicago,21.999
1974-09-01,Chicago,16.919
1974-10-01,Chicago,12.552
1974-11-01,Chicago,7.792999999999998
1974-12-01,Chicago,3.1580000000000004
1975-01-01,Chicago,1.3889999999999998
1975-02-01,Chicago,0.379
1975-03-01,Chicago,1.759
1975-04-01,Chicago,4.641
1975-05-01,Chicago,14.018
1975-06-01,Chicago,18.446
1975-07-01,Chicago,22.069000000000003
1975-08-01,Chicago,23.401
1975-09-01,Chicago,16.549
1975-10-01,Chicago,14.378
1975-11-01,Chicago,10.366
1975-12-01,Chicago,2.432
1976-01-01,Chicago,-2.536
1976-02-01,Chicago,3.888
1976-03-01,Chicago,6.097
1976-04-01,Chicago,9.026
1976-05-01,Chicago,10.114
1976-06-01,Chicago,18.845
1976-07-01,Chicago,22.3
1976-08-01,Chicago,21.7
1976-09-01,Chicago,17.879
1976-10-01,Chicago,10.308
1976-11-01,Chicago,3.1989999999999994
1976-12-01,Chicago,-3.353
1977-01-01,Chicago,-7.757000000000001
1977-02-01,Chicago,-0.478
1977-03-01,Chicago,7.16
1977-04-01,Chicago,10.595
1977-05-01,Chicago,16.256999999999998
1977-06-01,Chicago,16.493
1977-07-01,Chicago,23.453000000000003
1977-08-01,Chicago,21.355
1977-09-01,Chicago,19.217
1977-10-01,Chicago,11.961
1977-11-01,Chicago,7.478999999999999
1977-12-01,Chicago,-0.2169999999999998
1978-01-01,Chicago,-3.951
1978-02-01,Chicago,-5.006
1978-03-01,Chicago,1.024
1978-04-01,Chicago,6.896
1978-05-01,Chicago,12.065
1978-06-01,Chicago,17.565
1978-07-01,Chicago,21.073
1978-08-01,Chicago,22.675
1978-09-01,Chicago,21.138
1978-10-01,Chicago,12.354
1978-11-01,Chicago,7.35
1978-12-01,Chicago,0.3090000000000001
1979-01-01,Chicago,-5.933999999999998
1979-02-01,Chicago,-5.252999999999999
1979-03-01,Chicago,3.712
1979-04-01,Chicago,5.74
1979-05-01,Chicago,11.513
1979-06-01,Chicago,17.378
1979-07-01,Chicago,21.09
1979-08-01,Chicago,21.56900000000001
1979-09-01,Chicago,19.268
1979-10-01,Chicago,12.418
1979-11-01,Chicago,7.093
1979-12-01,Chicago,3.898
1980-01-01,Chicago,-0.499
1980-02-01,Chicago,-1.776
1980-03-01,Chicago,1.806
1980-04-01,Chicago,7.186
1980-05-01,Chicago,12.786
1980-06-01,Chicago,16.309
1980-07-01,Chicago,22.71
1980-08-01,Chicago,23.607
1980-09-01,Chicago,19.174
1980-10-01,Chicago,10.807
1980-11-01,Chicago,7.334
1980-12-01,Chicago,1.14
1981-01-01,Chicago,-1.192
1981-02-01,Chicago,1.6649999999999998
1981-03-01,Chicago,4.779
1981-04-01,Chicago,9.495
1981-05-01,Chicago,10.628
1981-06-01,Chicago,18.316
1981-07-01,Chicago,21.481
1981-08-01,Chicago,22.549
1981-09-01,Chicago,17.967
1981-10-01,Chicago,11.281
1981-11-01,Chicago,8.058
1981-12-01,Chicago,1.422
1982-01-01,Chicago,-5.494999999999999
1982-02-01,Chicago,-1.661
1982-03-01,Chicago,2.525
1982-04-01,Chicago,5.426
1982-05-01,Chicago,14.916
1982-06-01,Chicago,14.855
1982-07-01,Chicago,22.115
1982-08-01,Chicago,21.556
1982-09-01,Chicago,18.264
1982-10-01,Chicago,13.931
1982-11-01,Chicago,7.393
1982-12-01,Chicago,6.021000000000001
1983-01-01,Chicago,1.7960000000000005
1983-02-01,Chicago,3.3230000000000004
1983-03-01,Chicago,5.204
1983-04-01,Chicago,5.928999999999999
1983-05-01,Chicago,9.974
1983-06-01,Chicago,18.382
1983-07-01,Chicago,24.428
1983-08-01,Chicago,24.983
1983-09-01,Chicago,19.417
1983-10-01,Chicago,13.571
1983-11-01,Chicago,8.443
1983-12-01,Chicago,-4.211
1984-01-01,Chicago,-2.8469999999999995
1984-02-01,Chicago,4.732
1984-03-01,Chicago,0.5010000000000003
1984-04-01,Chicago,7.254
1984-05-01,Chicago,10.332
1984-06-01,Chicago,18.987
1984-07-01,Chicago,21.317
1984-08-01,Chicago,23.996
1984-09-01,Chicago,18.154
1984-10-01,Chicago,14.297
1984-11-01,Chicago,7.4129999999999985
1984-12-01,Chicago,3.79
1985-01-01,Chicago,-3.4130000000000003
1985-02-01,Chicago,-1.5830000000000002
1985-03-01,Chicago,5.779
1985-04-01,Chicago,10.249
1985-05-01,Chicago,13.733
1985-06-01,Chicago,16.248
1985-07-01,Chicago,21.95
1985-08-01,Chicago,21.578000000000003
1985-09-01,Chicago,19.886
1985-10-01,Chicago,13.262
1985-11-01,Chicago,6.651999999999999
1985-12-01,Chicago,-2.967
1986-01-01,Chicago,-0.0789999999999999
1986-02-01,Chicago,-0.367
1986-03-01,Chicago,5.723
1986-04-01,Chicago,9.75
1986-05-01,Chicago,12.62
1986-06-01,Chicago,17.105999999999998
1986-07-01,Chicago,22.787
1986-08-01,Chicago,21.012
1986-09-01,Chicago,19.599
1986-10-01,Chicago,13.254
1986-11-01,Chicago,5.3660000000000005
1986-12-01,Chicago,3.0330000000000004
1987-01-01,Chicago,1.0870000000000002
1987-02-01,Chicago,3.9380000000000006
1987-03-01,Chicago,6.017
1987-04-01,Chicago,8.896
1987-05-01,Chicago,14.597
1987-06-01,Chicago,20.329
1987-07-01,Chicago,23.785
1987-08-01,Chicago,22.79
1987-09-01,Chicago,19.244
1987-10-01,Chicago,10.213
1987-11-01,Chicago,9.266
1987-12-01,Chicago,4.267
1988-01-01,Chicago,-2.199
1988-02-01,Chicago,-1.5580000000000005
1988-03-01,Chicago,4.43
1988-04-01,Chicago,7.617000000000001
1988-05-01,Chicago,13.489
1988-06-01,Chicago,19.567
1988-07-01,Chicago,23.889
1988-08-01,Chicago,25.437
1988-09-01,Chicago,19.457
1988-10-01,Chicago,10.008
1988-11-01,Chicago,8.28
1988-12-01,Chicago,1.929
1989-01-01,Chicago,3.987000000000001
1989-02-01,Chicago,-2.679
1989-03-01,Chicago,3.064
1989-04-01,Chicago,6.763999999999999
1989-05-01,Chicago,11.404000000000002
1989-06-01,Chicago,17.188
1989-07-01,Chicago,22.379
1989-08-01,Chicago,22.387
1989-09-01,Chicago,17.892
1989-10-01,Chicago,13.458
1989-11-01,Chicago,5.74
1989-12-01,Chicago,-3.968
1990-01-01,Chicago,4.699
1990-02-01,Chicago,2.68
1990-03-01,Chicago,6.023
1990-04-01,Chicago,8.542
1990-05-01,Chicago,10.38
1990-06-01,Chicago,17.717
1990-07-01,Chicago,21.233
1990-08-01,Chicago,22.297
1990-09-01,Chicago,19.855
1990-10-01,Chicago,12.443
1990-11-01,Chicago,9.771
1990-12-01,Chicago,2.377
1991-01-01,Chicago,-1.5739999999999998
1991-02-01,Chicago,2.75
1991-03-01,Chicago,5.952999999999999
1991-04-01,Chicago,9.591
1991-05-01,Chicago,15.656
1991-06-01,Chicago,20.173
1991-07-01,Chicago,23.179
1991-08-01,Chicago,23.401
1991-09-01,Chicago,18.479
1991-10-01,Chicago,13.343
1991-11-01,Chicago,4.99
1991-12-01,Chicago,3.02
1992-01-01,Chicago,2.1790000000000003
1992-02-01,Chicago,3.676
1992-03-01,Chicago,4.1930000000000005
1992-04-01,Chicago,6.074
1992-05-01,Chicago,11.871
1992-06-01,Chicago,15.834
1992-07-01,Chicago,19.796
1992-08-01,Chicago,20.164
1992-09-01,Chicago,17.925
1992-10-01,Chicago,12.114
1992-11-01,Chicago,6.521
1992-12-01,Chicago,2.53
1993-01-01,Chicago,1.0300000000000002
1993-02-01,Chicago,-0.58
1993-03-01,Chicago,2.608
1993-04-01,Chicago,6.268000000000002
1993-05-01,Chicago,12.645
1993-06-01,Chicago,16.942999999999998
1993-07-01,Chicago,22.472
1993-08-01,Chicago,23.62
1993-09-01,Chicago,16.392
1993-10-01,Chicago,11.748
1993-11-01,Chicago,6.692
1993-12-01,Chicago,2.367
1994-01-01,Chicago,-4.961
1994-02-01,Chicago,-2.5860000000000003
1994-03-01,Chicago,4.059
1994-04-01,Chicago,8.644
1994-05-01,Chicago,11.558
1994-06-01,Chicago,18.759
1994-07-01,Chicago,21.739
1994-08-01,Chicago,20.981
1994-09-01,Chicago,19.944000000000003
1994-10-01,Chicago,14.177
1994-11-01,Chicago,9.478
1994-12-01,Chicago,4.892
1995-01-01,Chicago,0.1290000000000002
1995-02-01,Chicago,-0.155
1995-03-01,Chicago,5.35
1995-04-01,Chicago,6.0360000000000005
1995-05-01,Chicago,11.771
1995-06-01,Chicago,19.573
1995-07-01,Chicago,23.467
1995-08-01,Chicago,25.897
1995-09-01,Chicago,17.794999999999995
1995-10-01,Chicago,13.732
1995-11-01,Chicago,3.29
1995-12-01,Chicago,-0.0169999999999999
1996-01-01,Chicago,-1.2879999999999998
1996-02-01,Chicago,-0.213
1996-03-01,Chicago,0.9369999999999998
1996-04-01,Chicago,5.9590000000000005
1996-05-01,Chicago,10.47
1996-06-01,Chicago,17.769000000000005
1996-07-01,Chicago,20.291
1996-08-01,Chicago,23.122
1996-09-01,Chicago,18.89
1996-10-01,Chicago,13.161
1996-11-01,Chicago,3.8089999999999993
1996-12-01,Chicago,1.754
1997-01-01,Chicago,-2.269
1997-02-01,Chicago,1.847
1997-03-01,Chicago,4.41
1997-04-01,Chicago,6.295
1997-05-01,Chicago,9.226
1997-06-01,Chicago,18.031
1997-07-01,Chicago,21.768
1997-08-01,Chicago,21.012
1997-09-01,Chicago,18.813
1997-10-01,Chicago,13.306
1997-11-01,Chicago,5.622000000000001
1997-12-01,Chicago,3.634
1998-01-01,Chicago,2.66
1998-02-01,Chicago,6.132999999999999
1998-03-01,Chicago,5.086
1998-04-01,Chicago,8.852
1998-05-01,Chicago,15.736
1998-06-01,Chicago,18.288
1998-07-01,Chicago,22.744
1998-08-01,Chicago,24.00500000000001
1998-09-01,Chicago,21.23
1998-10-01,Chicago,14.407
1998-11-01,Chicago,9.483
1998-12-01,Chicago,5.13
1999-01-01,Chicago,-1.71
1999-02-01,Chicago,4.354
1999-03-01,Chicago,3.46
1999-04-01,Chicago,9.015
1999-05-01,Chicago,14.23
1999-06-01,Chicago,19.186
1999-07-01,Chicago,24.789
1999-08-01,Chicago,21.988000000000003
1999-09-01,Chicago,18.975
1999-10-01,Chicago,12.913
1999-11-01,Chicago,10.435
1999-12-01,Chicago,2.9850000000000003
2000-01-01,Chicago,0.1369999999999999
2000-02-01,Chicago,4.083
2000-03-01,Chicago,8.274000000000001
2000-04-01,Chicago,7.615
2000-05-01,Chicago,13.867
2000-06-01,Chicago,17.939
2000-07-01,Chicago,21.087
2000-08-01,Chicago,22.84
2000-09-01,Chicago,19.061
2000-10-01,Chicago,15.11
2000-11-01,Chicago,6.824
2000-12-01,Chicago,-3.761000000000001
2001-01-01,Chicago,0.5980000000000003
2001-02-01,Chicago,0.4370000000000001
2001-03-01,Chicago,2.763
2001-04-01,Chicago,10.273
2001-05-01,Chicago,13.508
2001-06-01,Chicago,17.654
2001-07-01,Chicago,22.661
2001-08-01,Chicago,23.986
2001-09-01,Chicago,18.088
2001-10-01,Chicago,13.081
2001-11-01,Chicago,11.986999999999998
2001-12-01,Chicago,5.401
2002-01-01,Chicago,4.029999999999999
2002-02-01,Chicago,3.846000000000001
2002-03-01,Chicago,2.565
2002-04-01,Chicago,8.547
2002-05-01,Chicago,10.305
2002-06-01,Chicago,19.011
2002-07-01,Chicago,24.428
2002-08-01,Chicago,23.611
2002-09-01,Chicago,21.039
2002-10-01,Chicago,11.651
2002-11-01,Chicago,6.517
2002-12-01,Chicago,2.835
2003-01-01,Chicago,-1.7990000000000002
2003-02-01,Chicago,-1.544
2003-03-01,Chicago,3.976
2003-04-01,Chicago,7.617999999999999
2003-05-01,Chicago,10.951
2003-06-01,Chicago,16.468
2003-07-01,Chicago,21.665
2003-08-01,Chicago,24.035
2003-09-01,Chicago,18.99
2003-10-01,Chicago,12.694
2003-11-01,Chicago,8.571
2003-12-01,Chicago,4.154
2004-01-01,Chicago,-2.383
2004-02-01,Chicago,1.007
2004-03-01,Chicago,6.698
2004-04-01,Chicago,8.927999999999999
2004-05-01,Chicago,12.624
2004-06-01,Chicago,16.916
2004-07-01,Chicago,21.188
2004-08-01,Chicago,20.514
2004-09-01,Chicago,20.675
2004-10-01,Chicago,13.769
2004-11-01,Chicago,9.228
2004-12-01,Chicago,2.157
2005-01-01,Chicago,-0.167
2005-02-01,Chicago,3.234
2005-03-01,Chicago,2.636
2005-04-01,Chicago,9.797
2005-05-01,Chicago,11.109000000000002
2005-06-01,Chicago,21.002
2005-07-01,Chicago,22.988000000000003
2005-08-01,Chicago,23.959
2005-09-01,Chicago,21.848000000000003
2005-10-01,Chicago,14.216
2005-11-01,Chicago,8.530999999999999
2005-12-01,Chicago,-0.1469999999999998
2006-01-01,Chicago,6.042999999999998
2006-02-01,Chicago,1.1
2006-03-01,Chicago,4.726
2006-04-01,Chicago,10.154
2006-05-01,Chicago,12.28
2006-06-01,Chicago,17.519000000000002
2006-07-01,Chicago,23.469
2006-08-01,Chicago,23.561
2006-09-01,Chicago,18.159
2006-10-01,Chicago,11.246
2006-11-01,Chicago,9.057
2006-12-01,Chicago,5.132000000000001
2007-01-01,Chicago,2.374
2007-02-01,Chicago,-3.836
2007-03-01,Chicago,6.881
2007-04-01,Chicago,7.0230000000000015
2007-05-01,Chicago,14.244000000000002
2007-06-01,Chicago,19.087
2007-07-01,Chicago,21.828000000000003
2007-08-01,Chicago,23.823
2007-09-01,Chicago,20.679
2007-10-01,Chicago,16.529
2007-11-01,Chicago,7.221999999999999
2007-12-01,Chicago,1.526
2008-01-01,Chicago,0.3320000000000001
2008-02-01,Chicago,-1.709
2008-03-01,Chicago,2.478
2008-04-01,Chicago,8.844000000000003
2008-05-01,Chicago,10.559
2008-06-01,Chicago,18.324
2008-07-01,Chicago,22.021
2008-08-01,Chicago,22.574
2008-09-01,Chicago,20.134
2008-10-01,Chicago,12.873
2008-11-01,Chicago,7.143
2008-12-01,Chicago,-0.6640000000000001
2009-01-01,Chicago,-4.299
2009-02-01,Chicago,1.454
2009-03-01,Chicago,4.808
2009-04-01,Chicago,7.622999999999999
2009-05-01,Chicago,12.627
2009-06-01,Chicago,17.305
2009-07-01,Chicago,19.792
2009-08-01,Chicago,21.724
2009-09-01,Chicago,19.502
2009-10-01,Chicago,11.22
2009-11-01,Chicago,10.261
2009-12-01,Chicago,1.5630000000000002
2010-01-01,Chicago,-0.5949999999999999
2010-02-01,Chicago,0.7709999999999999
2010-03-01,Chicago,6.489
2010-04-01,Chicago,10.935
2010-05-01,Chicago,13.803
2010-06-01,Chicago,19.055
2010-07-01,Chicago,24.106
2010-08-01,Chicago,24.948
2010-09-01,Chicago,19.229
2010-10-01,Chicago,14.582
2010-11-01,Chicago,8.539
2010-12-01,Chicago,-0.0709999999999999
2011-01-01,Chicago,-1.582
2011-02-01,Chicago,0.276
2011-03-01,Chicago,3.474
2011-04-01,Chicago,7.382999999999999
2011-05-01,Chicago,12.133
2011-06-01,Chicago,18.011
2011-07-01,Chicago,24.412
2011-08-01,Chicago,23.414
2011-09-01,Chicago,18.331
2011-10-01,Chicago,13.837
2011-11-01,Chicago,9.555
2011-12-01,Chicago,5.327000000000001
2012-01-01,Chicago,2.6700000000000004
2012-02-01,Chicago,3.698
2012-03-01,Chicago,12.145
2012-04-01,Chicago,8.383000000000001
2012-05-01,Chicago,14.956
2012-06-01,Chicago,19.532
2012-07-01,Chicago,25.909
2012-08-01,Chicago,22.778
2012-09-01,Chicago,18.693
2012-10-01,Chicago,12.229
2012-11-01,Chicago,7.27
2012-12-01,Chicago,5.5920000000000005
2013-01-01,Chicago,1.056
2013-02-01,Chicago,-0.509
2013-03-01,Chicago,1.3230000000000002
2013-04-01,Chicago,6.644
2013-05-01,Chicago,13.734000000000002
2013-06-01,Chicago,17.913
2013-07-01,Chicago,21.914
2013-08-01,Chicago,22.23
2013-09-01,Chicago,19.977
